;Singular;Lema;Sugeridas;Tipo
54;ABACO;;ábaco;m.
71;ABIERTO;;abierto, ta;adj.
74;ABOGACIA;;abogacía;f.
76;ABOGADO;;abogar;intr.
88;ABSENTISMO;absentismo;;m.
89;ABSORCION;;absorción;f.
90;ABSTRACCION;;abstracción;f.
92;ABUSOS;abuso;;m.
94;ACABADOS;;acabado, da;adj.
97;ACADEMIA;academia;;f.
100;ACAMPADAS;;acampada;f.
107;ACCESIBLE;accesible;;adj.
110;ACCESORIOS;accesorio, ria;;adj.
112;ACCIDENTE;;accidente;m.
114;ACCIONISTAS;accionista;;m. y f.
119;ACELERADO;;acelerado, da;adj.
120;ACEPTACION;;aceptación;f.
131;ACLARACION;;aclaración;f.
133;ACLIMATACION;;aclimatación;f.
135;ACOGIDA;;;
141;ACOMETIDA;;acometida;f.
144;ACOMODADOR;acomodador, ra;;adj.
148;ACOMPAÑANTE;acompañante;;adj.
152;ACONDICIONAMIENTO;acondicionamiento;;m.
153;ACORDAR;acordar;;tr.
154;ACORDEON;;acordeón;m.
155;ACORTAMIENTO;acortamiento;;m.
157;ACOSO;;acoso;m.
165;ACREDITADO;;acreditado, da;adj.
166;ACREEDORES;acreedor, ra;;adj.
170;ACTA;acta;;f.
171;ACTITUD;actitud;;f.
176;ACTIVACION;;activación;f.
182;ACTIVIDAD;actividad;;f.
184;ACTIVO;;activo, va;adj.
187;ACTOR;actor, triz;;m. y f.
188;ACTRIZ;actor, triz;;m. y f.
191;ACTUADORES;;;
192;ACTUAL;actual;;adj.
193;ACTUALIDAD;actualidad;;f.
194;ACTUALIZACION;;actualización;f.
197;ACTUALIZADO;actualizar;;tr.
202;ACUAPONIA;;;
204;ACUARIOFILIA;;;
205;ACUARISTA;;achuar;adj.
209;ACUATICO;;acuático, ca;adj.
213;ACUERDO;;acuerdo;m.
214;ACUICULTURA;acuicultura;;f.
219;ACUPUNTURA;acupuntura;;f.
221;ACUSACION;;acusación;f.
225;ACUSTICO;;acústico, ca;adj.
230;ADAPTABILIDAD;adaptabilidad;;f.
231;ADAPTACION;;adaptación;f.
233;ADAPTADO;adaptar;;tr.
241;ADECUACION;;adecuación;f.
245;ADECUADO;;adecuado, da;adj.
249;ADICCION;;adicción;f.
252;ADIESTRAMIENTO;adiestramiento;;m.
253;ADITIVA;aditivo, va;;adj.
254;ADJUDICADOS;adjudicar;;tr.
260;ADJUNTO;;adjunto, ta;adj.
267;ADMINISTRACION;;administración;f.
269;ADMINISTRADOR;administrador, ra;;adj.
277;ADMINISTRATIVO;administrativo, va;;adj.
281;ADMISION;;admisión;f.
288;ADN;ADN;;m.
290;ADOLESCENCIA;adolescencia;;f.
292;ADOPCION;;adopción;f.
299;ADQUIRIR;adquirir;;tr.
311;ADUANA;;aduana;f.
313;ADUANERO;aduanero, ra;;adj.
315;ADULTO;adulto, ta;;adj.
319;ADVERSAS;adverso, sa;;adj.
332;ENTRENADOR;entrenador, ra;;m. y f.
334;AEREO;;aéreo, a;adj.
336;AERMODELISMO;;;
340;AEROBIC;;;
342;AEROBOX;;;
346;AEROGRAFICAS;;aerográfico, ca;adj.
347;AEROLASER;;;
350;AERONAUTICO;;aeronáutico, ca;adj.
351;AERONAVE;aeronave;;f.
353;AEROPORTUARIO;aeroportuario, ria;;adj.
354;AEROPUERTO;aeropuerto;;m.
355;AFAN;;afán;m.
356;AFECTAN;afectar;;tr.
359;AFECTIVO;;;
363;AFILIACION;;afiliación;f.
365;AFILIADO;;afiliado, da;adj.
366;AFLUENCIA;afluencia;;f.
367;AFORO;;aforo;m.
372;AFTERMARKET;;;
380;AGENCIA;;agencia;f.
383;AGENDA;agenda;;f.
386;AGENDAR;;;
387;AGENTE;agente;;adj.
390;AGIL;;ágil;adj.
392;AGILIDAD;agilidad;;f.
397;AGRADABLE;agradable; ;adj. 
398;AGRADECER;agradecer; ;tr. 
401;AGRARIO;agrario, ria ; ;adj. 
402;AGREGADO; ;agregar ;tr. 
404;AGRESION; ;agresión ;f. 
405;AGRICOLA; ;agrícola ;adj. 
406;AGRICULTORES;agricultor, ra ; ;adj. 
407;AGRICULTURA;agricultura ; ;f. 
408;AGROALIMENTARIA; ; ; 
410;AGRONOMA; ; ; 
411;AGUA; ;agua ;f. 
419;AHOGAR; ; ; 
421;AHORRO; ;ahorro ;m. 
429;AIRE;aire; ;m. 
431;AISLAMIENTO;aislamiento ; ;m. 
433;AISLANTES;aislante ; ;adj. 
434;AJARDINAMIENTO;ajardinamiento ; ;m. 
437;AJEDREZ;ajedrez ; ;m. 
441;AJUSTADO; ;ajustado, da ;adj. 
442;AJUSTE; ;ajustar ;tr. 
447;ALARMAS; ;alarma ;f. 
448;ALBARAN; ; ; 
450;ALBAÑILERIA; ;albañilería ;f. 
452;ALCALDES;alcalde, desa ; ;m. y f. 
454;ALCANTARILLADO; ;alcantarillado ;m. 
455;ALCANZABLES;alcanzable ; ;adj. 
457;ALCANZAR; ; ; 
459;ALCOHOLISMO;alcoholismo ; ;m. 
462;ALEACIONES;aleación ; ;f. 
463;ALEGACIONES;alegación ; ;f. 
464;ALEGRE; ;alegrar;tr. 
471;ALERGENOS;alérgeno, na ; ;adj. 
472;ALERGIAS;alergia ; ;f. 
474;ALERTAS; ; ; 
477;ALFA; ;alfa ;f. 
478;ALFABETIZACION; ; ; 
481;ALGAS;alga ; ;f. 
483;ALGORITMIA;algoritmia ; ;f. 
489;ALIMENTACION; ;alimentación ;f. 
491;ALIMENTARIO;alimentario, ria ; ;adj. 
492;ALIMENTICIO;alimenticio, cia ; ;adj. 
493;ALIMENTO; ;alimento ;m. 
495;ALINEACION; ; ; 
496;ALISIOS;alisios ; ;m. 
497;ALJIBE;aljibe ; ;m. 
500;ALLANAMIENTO;allanamiento ; ;m. 
507;ALMACEN; ;almacén ;m. 
508;ALMACENAJE;almacenaje ; ;m. 
513;ALOE;áloe ; ;m. 
517;ALOJAMIENTO;alojamiento ; ;m. 
523;ALPISPA;;;
526;ALQUILER;alquiler;;m.
530;ALTA;;alta;f.
534;ALTERACION;;;
535;ALTERIDAD;alteridad;;f.
536;ALTERNANCIA;alternancia;;f.
540;ALTERNATIVO;alternativo, va;;adj.
543;ALTURA;altura;;f.
544;ALUMBRADO;;alumbrado, da;adj.
546;ALUMINIO;aluminio;;m.
548;ALUMNADO;alumnado;;m.
549;ALUMNO;alumno, na;;m. y f.
551;ALZADOS;;alzado, da;adj.
553;ALZHEIMER;;;
555;AMABLE;amable;;adj.
560;AMASADO;;amasado;m.
561;AMASIS;;;
562;AMAZON;;;
566;AMBIENTAL;ambiental;;adj.
568;AMBIENTE;;ambiente;adj.
569;AMBIENTOLOGOS;;;
572;AMBITO;;ambo;m.
574;AMBULANCIA;ambulancia;;f.
575;AMBULATORIA;ambulatorio, ria;;adj.
577;AMENA;ameno, na;;adj.
584;AMIGOS;amigo, ga;;adj.
588;MANIPULADORES;manipulador, ra;;adj.
589;AMOR;amor;;m.
590;AMORTIZACION;;amortización;f.
592;AMOVIBLES;amovible;;adj.
595;AMPLIA;amplio, plia;;adj.
596;AMPLIACION;;ampliación;f.
599;AMPLIFICACION;;amplificación;f.
600;AMPLIO;amplio, plia;;adj.
602;AMPUTADOS;amputar;;tr.
603;ANALISIS;;análisis;m.
604;ANALISTA;analista;;m. y f.
606;ANALITICO;;;
609;ANALIZADORES;analizador, ra;;adj.
613;ANALOGAR;;análogo, ga;adj.
614;ANALOGICA;;análogo, ga;adj.
615;ANALOGICOS;;análogo, ga;adj.
622;ANCIANOS;anciano, na;;adj.
627;ANDAMIOS;andamio;;m.
634;ANEMIA;anemia;;f.
636;ANESTESIA;;anestesia;f.
645;ANIMACION;;animación;f.
646;ANIMADOR;animador, ra;;adj.
648;ANIMAL;animal;;m.
649;ANIMALARIO;animalario;;m.
654;ANIMO;animar;;tr.
655;ANIVERSARIO;aniversario, ria;;adj. p. us.
659;ANOMALIAS;;anomalía;f.
660;ANOTACION;;;
665;ANTELACION;;antelación;f.
668;ANTENA;antena;;f.
670;ANTENCION;;;
671;ANTEPROYECTO;anteproyecto;;m.
677;ANTIBIOTICOS;;;
678;ANTICELULITICO;;;
679;ANTICORROSIVOS;anticorrosivo, va;;adj.
680;ANTICUERPOS;anticuerpo;;m.
681;ANTIESTRES;;antiestrés;adj.
684;ANTIGüEDAD;antigüedad;;f.
685;ANTIOXIDANTE;antioxidante;;adj.
686;ANTIOXIDO;;;
688;ANTIPLAGAS;;;
689;ANTIVIRUS;antivirus;;adj.
692;ANTROPOLOGIA;;;
694;ANULACION;;anulación;f.
696;ANUNCIOS;anuncio;;m.
700;ANàLISIS;;análisis;m.
701;AP;;;
703;APARATO;;aparato;m.
704;APARCAMIENTOS;aparcamiento;;m.
705;APARCAR;;;
706;APAREJADO;;aparejado, da;adj.
711;APARTAMENTO;apartamento;;m.
716;APERTURA;apertura;;f.
720;APICULTURA;apicultura;;f.
724;APLICACION;;aplicación;f.
726;APLICADO;;aplicado, da;adj.
729;APLICATIVO;aplicativo, va;;adj.
733;APORTACION;;aportación;f.
735;APORTAR;aportar;;intr.
738;APOYAR;apoyar;;tr.
739;APOYO;;apoyo;m.
749;APREMIO;;apremio;m.
752;APRENDER;aprender;;tr.
758;APRENDIZAJE;;;
760;APROBACION;;aprobación;f.
761;APROBADO;;aprobado;m.
762;APROPIADOS;;apropiado, da;adj.
764;APROVECHAMIENTO;aprovechamiento;;m.
766;APROVECHAR;aprovechar;;tr.
767;APROVISIONAMIENTO;aprovisionamiento;;m.
770;APROXIMACION;;aproximación;f.
771;APTITUD;aptitud;;f.
773;APUESTAS;;;
775;APUNTES;;apunte;m.
785;ARANCELES;arancel;;m.
788;ARBITRAJE;arbitraje ;;m. 
789;ARBITRO;arbitrar ; ;tr. 
790;ARBOLADO; ;arbolado, da ;adj. 
791;ARBOLES;arbolar ; ;tr. 
796;ARCHIPIELAGO; ;archipiélago ;m. 
804;ARCHIVADO;archivar ; ;tr. 
808;ARCHIVISTICO; ; ; 
809;ARCHIVO; ;archivar ;tr. 
814;ARCPC; ; ; 
818;AREA; ; ; 
823;ARGUMENTACION; ; ; 
828;ARITMETICOS; ; ; 
830;ARM; ;ARN ;m. 
831;ARMADA; ;armado, da ;adj. 
832;ARMADO; ;armado, da ;adj. 
833;ARMONICA; ; ; 
835;ARMONIZACION; ;armonización ;f. 
837;AROMATERAPIA;aromaterapia ; ;f. 
838;AROMATICOS; ;aromático, ca ;adj. 
839;ARQUEO; ; ; 
841;ARQUEOLOGIA; ;arqueología ;f. 
845;ARQUIM; ; ; 
849;ARQUITECTO;arquitecto, ta ; ;m. y f. 
851;ARQUITECTONICO; ;arquitectónico, ca ;adj. 
852;ARQUITECTURA;arquitectura ; ;f. 
854;ARRANQUES; ;arranque ;m. 
855;ARRAS;arras ; ;f. pl. 
858;ARRASTRE; ;arrastre ;m. 
862;ARRENDAMIENTO;arrendamiento ; ;m. 
863;ARRITMIAS;arritmia ; ;f. 
865;ARTE; ; ; 
870;ARTESANAL;artesanal ; ;adj. 
872;ARTESANIA; ;artesanía ;f. 
873;ARTESANOS;artesano, na ; ;adj. 
876;ARTICULO;articular ; ;tr. 
879;ARTISTA;artista ; ;m. y f. 
883;ARTISTICO; ;artístico, ca ;adj. 
888;ASAJEROS; ; ; 
890;ASAMBLEA; ; ; 
892;ASCENSOR;ascensor ; ;m. 
895;ASEGURADO; ;asegurado, da ;adj. 
898;ASEGURADORA;asegurador, ra ; ;adj. 
906;ASEO; ;asear ; 
909;ASERORAMIENTO; ; ;tr. 
911;ASERTIVA; ; ; 
913;ASERTIVIDAD;asertivo, va ; ;adj.
915;ASESOR;asertividad ; ;f. 
918;ASESORAMIENTO;asesor, ra ; ;adj. 
923;ASESORAR;asesoramiento ; ;m. 
926;ASESORIA; ;; 
928;ASESORIAMIENTO;;;
932;ASFALTADO;;asfaltado ;m. 
933;ASFALTICAS;;asfáltico, ca ;adj. 
936;ASIENTO;; ; 
939;ASIGNACION;; ; 
941;ASIGNADO;;asignado ;m. 
943;ASIGNAR;asignar ; ;tr. 
944;ASIGNATURA;asignatura ; ;f. 
947;ASIMILABLE;asimilable ; ;adj. 
948;ASIMILADOS; ;asimilado, da ;adj. 
952;ASISTENCIA;asistencia ; ;f. 
956;ASISTENTE;asistente, ta ; ;adj. 
959;ASISTIDO;;asistido, da ;adj. 
962;ASISTIR; asistir ; ;tr. 
965;ASOCIACION; ; ; 
968;ASOCIADO; ;asociado, da ;adj. 
970;ASOCIAR;asociar ; ;tr. 
973;ASPECTO;aspecto ; ;m. 
993;ASTILLERO;astillero ; ;m. 
1000;ASUMIR;asumir ; ;tr. 
1001;ASUNTOS;asunto ; ;m. 
1006;ATAQUES; ;atacar;tr. 
1012;ATENCION; ;atención ;f. 
1013;ATENCIONAL; ; ; 
1016;ATENDER;atender ; ;tr. 
1021;ATENDIMIENTO;atendimiento ; ;m. desus. 
1022;ATENEO;ateneo ; ;m. 
1025;ATESTADO; ;atestado;m. 
1027;ATIPICOS; ;atípico, ca ;adj. 
1029;ATLANTICO; ;atlante ;adj. 
1033;ATLETISMO;atletismo ; ;m. 
1034;ATMOSFERA;atmósfera ; ;f. 
1035;ATMOSFERICA; ;atmósfera ;f. 
1042;ATRACTIVO;atractivo, va ; ;adj. 
1043;ATRAER;atraer ; ;tr. 
1044;ATRASOS;atraso ; ;m. 
1046;ATREZZOS; ;atrezo ;m. 
1052;AUDIFONOS; ;audífono ;m. 
1053;AUDIO; ;audio ;m. 
1055;AUDIOCENTRO; ; ; 
1056;AUDIOVISUAL;audiovisual ; ;adj. 
1059;AUDITADO;auditar ; ;tr. 
1061;AUDITAR;auditar ; ;tr. 
1063;AUDITIVA;auditivo, va ; ;adj. 
1065;AUDITOR;auditor, ra ; ;adj. 
1066;AUDITORIA;auditorio, ria ; ;adj. 
1069;AUDITORIO;auditorio ; ;m. 
1071;AULA;aula ; ;f. 
1073;AUMENTAR;aumentar ; ;tr. 
1074;AUMENTO;;aumento;m.
1077;AUREO;;áureo, a;adj.
1078;AURICULAR;auricular;;adj.
1079;AURICULOPUNTURA;;;
1081;AUSENCIA;ausencia;;f.
1084;AUTENTICIDAD;autenticidad;;f.
1085;AUTISMO;autismo;;m.
1086;AUTISTA;autista;;adj.
1087;AUTO;;auto;m.
1088;AUTOAYUDA;autoayuda;;f.
1090;AUTOCONSUMO;autoconsumo;;m.
1093;AUTOCONTROL;autocontrol;;m.
1096;AUTODESCUBRIMIENTO;;;
1099;AUTODESPACHANTES;;;
1101;AUTODIDACTA;autodidacta;;adj.
1102;AUTOEDICION;;autoedición;f.
1103;AUTOEFICACIA;;;
1104;AUTOEMPLEO;;;
1105;AUTOESCUELA;autoescuela;;f.
1107;AUTOMATAS;;autómata;m.
1110;AUTOMATICO;;automático, ca;adj.
1111;AUTOMATISMO;automatismo;;m.
1112;AUTOMATIZACION;;automatización;f.
1113;AUTOMATIZADO;automatizar;;tr.
1115;AUTOMOCION;;automoción;f.
1116;AUTOMOTRIZ;automotriz;;adj.
1117;AUTOMOVIL;;automóvil;adj.
1118;AUTOMOVILISMO;automovilismo;;m.
1119;AUTOMOVILISTICA;;;
1120;AUTONOMA;;autónomo, ma;adj.
1121;AUTONOMIA;;autonomía;f.
1122;AUTONOMICA;;autónomo, ma;adj.
1124;AUTONOMO;;autónomo, ma;adj.
1125;AUTOPROTECCION;;autoprotección;f.
1126;AUTORA;autor, ra;;m. y f.
1127;AUTORIAR;;autoría;f.
1128;AUTORIDAD;autoridad;;f.
1129;AUTORIZACION;;autorización;f.
1131;AUTORIZADO;;autorizado, da;adj.
1133;AUTOSUFICIENTE;autosuficiente;;adj.
1139;AUXILIAR;auxiliar;;adj.
1141;AUXILIO;;auxilio;m.
1143;AVALES;;aval;m.
1145;AVALON;;;
1146;AVANCE;;avance;m.
1149;AVANZADO;;avanzado, da;adj.
1150;AVENTUREROS;aventurero, ra;;adj.
1152;AVERIA;;avería;f.
1155;AVERIGUACIONES;averiguación;;f.
1156;AVES;ave;;f.
1157;AVIACION;;aviación;f.
1161;AVION; ;avión ;m. 
1165;AVISAR;avisar ; ;tr. 
1166;AVITUALLAMIENTO;avituallamiento ; ;m. 
1173;AXIOLOGIA; ;axiología ;f. 
1179;AYUDA; ;ayuda ;f. 
1187;AYUDANTE;ayudante ; ;adj. 
1188;AYUDAR;ayudar ; ;tr. 
1191;AYUNTAMIENTO;ayuntamiento ; ;m. 
1195;AZAFATO;azafato, ta ; ;m. y f. 
1196;AZAR;azar ; ;m. 
1198;AZUCAR; ; ; 
1199;AZUFRE; ;azufre ;m. 
1201;AZURE; ;asurar ;tr. 
1202;AÑADIDOS; ;añadir ;tr. 
1216;BACHILLER; ; ; 
1217;BACHILLERATO;bachillerato ; ;m. 
1223;BACTERIA;bacteria ; ;f. 
1224;BAE; ;vahar ;intr. 
1228;BAILE; ;baile ;m. 
1235;BALINES; ; ; 
1236;BALIZAMIENTO;balizamiento ; ;m. 
1238;BALLET;ballet ; ;m. 
1239;BALON; ; ; 
1240;BALONCESTO;baloncesto ; ;m. 
1241;BALONMANO;balonmano ; ;m. 
1242;BANCA; ;banca ;f. 
1244;BANCARIO;bancario, ria ; ;adj. 
1245;BANCO; ;banco ;m. 
1246;BANDEJAS;bandeja ; ;f. 
1248;BANDERAS; ;bandera ;f. 
1254;BANNERS; ; ; 
1255;BANQUETES;banquete ; ;m. 
1257;BAR;bar ; ;m. 
1263;BARCO;barco ; ;m. 
1264;BAREMOS;baremo ; ;m. 
1265;BARISTA; ; ; 
1266;BARMAN;barman ; ;m. y f.
1267;BARRA; ; ; 
1268;BARRANCO;barranco ; ;m. 
1269;BARRIOS;barrio ; ;m. 
1271;BARWOMAN; ;barbotar ;intr. 
1287;BASURA;basura ; ;f. 
1290;BATERIA; ;batería ;f. 
1293;BAUTIZOS;bautizo ; ;m. 
1294;BAYESIANOS; ;bayo, ya ;adj. 
1295;BAÑISTAS;bañista ; ;m. y f. 
1298;BAÑO; ;baño ;m. 
1307;BDI; ; ; 
1312;BEBES; ;beber ;intr. 
1313;BEBIDA;;;
1315;BECA;;beca;f.
1318;BECARIO;becario, ria;;m. y f.
1327;BELLEZA;belleza;;f.
1329;BELLO;bello, lla;;adj.
1331;BENCHMARKING;;;
1332;BENEFICIARIA;beneficiario, ria;;adj.
1334;BENEFICIO;;beneficio;m.
1353;BIBLIOGRAFIA;;bibliografía;f.
1354;BIBLIOGRAFICA;;;
1356;BIBLIOTECA;biblioteca;;f.
1357;BIBLIOTECARIO;bibliotecario, ria;;m. y f.
1358;BIBLIOTECONOMIA;;biblioteconomía;f.
1359;BICICLETA;bicicleta;;f.
1364;BIENESTAR;bienestar;;m.
1367;BILATERALES;bilateral;;adj.
1369;BILINGüE;bilingüe;;adj.
1370;BILLARES;billar;;m.
1371;BILLETE;billete;;m.
1374;BINGO;bingo;;m.
1376;BIO;bio-, -bio, bia;;elems. compos.
1377;BIOCLIMATISMO;;;
1379;BIOCOMBUSTIBLE;biocombustible;;m.
1381;BIODERECHO;;;
1382;BIODIESEL;;biodiésel;m.
1384;BIODIVERSIDAD;biodiversidad;;f.
1385;BIOETICA;;bioética;f.
1387;BIOFERTILIZANTES;;;
1388;BIOINFORMATICA;;bioinformático, ca;adj.
1389;BIOLOGIA;;biología;f.
1392;BIOLOGICO;;;
1393;BIOLOGO;;;
1395;BIOMASA;biomasa;;f.
1396;BIOMATERIALES;biomaterial;;m.
1398;BIOMECANICA;;biomecánico, ca;adj.
1399;BIOMECANICOS;;biomecánico, ca;adj.
1402;BIOMEDICINA;biomedicina;;f.
1403;BIOMEDICO;;biomédico, ca;adj.
1404;BIOQUIMICA;;bioquímico, ca;adj.
1405;BIOQUIMICOS;;bioquímico, ca;adj.
1406;BIOSFERA;biosfera;;f.
1409;BIOTECNOLOGIA;;biotecnología;f.
1410;BIOTECNOLOGOS;;;
1411;BIPOLAR;bipolar;;adj.
1413;BISEXUALES;bisexual;;adj.
1414;BISUTERIA;;bisutería;f.
1417;BITEABLE;;;
1420;BITUMINOSAS;bituminoso, sa;;adj.
1423;BLANQUEO;;blanqueo;m.
1425;BLENDER;;vender;tr.
1427;BLOG;blog;;m.
1429;BLOGGER;;;
1431;BLOGGING;;;
1433;BLOQUES;;bloque;m.
1437;BOA;boa;;f.
1439;BOBINADO;;bobinado;m.
1440;BOCA;;boca;f.
1441;BOCADILLOS;bocadillo;;m.
1442;BOCETOS;boceto;;m.
1443;BODAS;boda;;f.
1444;BODEGA;bodega;;f.
1446;BODYBOARD;;;
1449;BOLETIN;;boletín;m.
1450;BOLETOS;boleto;;m.
1451;BOLLERIA;;bollería;f.
1452;BOLSA;;;
1455;BOLSOS;bolso;;m.
1456;BOMBAS;;bomba;f.
1457;BOMBEO;;bombeo;m.
1459;BONIFICACION;;bonificación;f.
1460;BONIFICADA;bonificar;;tr.
1461;BONOS;;;
1472;BOTADURAS;botadura;;f.
1473;BOTANICO;;botánico, ca;adj.
1475;BOTELLEROS;botellero, ra;;adj. coloq.
1476;BOTIQUINES;botiquín;;m.
1481;BOYAS;;boya;f.
1500;BRINDAR;brindar;;intr.
1503;BROKERS;;;
1504;BROMATOLOGICO;;;
1507;BUCEO;;buceo;m.
1510;BUFFER;;;
1512;BUFFET;;bufet;m.
1513;BUIATRIA;;;
1517;BUJIAS;;bujía;f.
1522;BUQUE;buque;;m.
1524;BUROCRATICOS;;burocrático, ca;adj.
1525;BURSATIL;;bursátil;adj.
1527;BUSCADORES;buscador, ra;;adj.
1529;BUSCAR;buscar;;tr.
1531;BUSQUEDA;;búsqueda;f.
1536;BUTACAS;butaca;;f.
1538;BUZO;;buzar;intr.
1560;CABINA;cabina;;f.
1561;CABLEADO;;cableado;m.
1563;CABLES;cable;;m.
1569;CADENA;cadena;;f.
1575;CADUCIDAD;caducidad;;f.
1576;CAE;caer;;intr.
1578;CAFE;;café;m.
1579;CAFETERA;cafetero, ra;;adj.
1581;CAFETERIA;;cafetería;f.
1582;CAFMA;;;
1583;CAI;cai;;m. desus.
1585;CAIDA;;;
1588;CAJA;caja;;f.
1592;CAJERO;cajero, ra;;m. y f.
1593;CAJONES;cajón;;m.
1594;CALADO;;;
1597;CALCULO;calcular;;tr.
1598;CALDERAS;caldera;;f.
1599;CALDERERIA;;calderería;f.
1601;CALDEROS;caldero;;m.
1602;CALEFACCION;;calefacción;f.
1605;CALENDARIO;calendario;;m.
1608;CALENTAMIENTO;calentamiento;;m.
1609;CALIBRACION;;;
1610;CALIBRADO;calibrar;;tr.
1611;CALIDAD;calidad;;f.
1615;CALIFICACION;;;
1618;CALIFICAR;calificar;;tr.
1626;CALLE;;calle;f.
1627;CALLEJEROS;callejero, ra;;adj.
1629;CALZADO;;calzado, da;adj.
1631;CAMARA;;;
1634;CAMARERO;camarero, ra;;m. y f.
1638;CAMBIAR;cambiar;;tr.
1640;CAMBIO;;cambio;m.
1645;CAMINO;;camino;m.
1646;CAMION;;camión;m.
1647;CAMISETAS;camiseta;;f.
1649;CAMPAMENTO;campamento;;m.
1651;CAMPAÑA;campaña;;f.
1652;CAMPEONATO;campeonato;;m.
1654;CAMPISMO;campismo;;m.
1655;CAMPO;;campo;m.
1661;CANAL;canal;;m. o f.
1663;CANALIZACION;;canalización;f.
1671;CANCELACIONES;cancelación;;f.
1672;CANCER;;cáncer;adj.
1674;CANCHAS;cancha;;f.
1677;CANDIDATOS;candidato, ta;;m. y f.
1681;CANINO;canino, na;;adj.
1683;CANNABIS;cannabis;;m. o f.
1688;CANTIDAD;cantidad;;f.
1689;CANTINA;cantina;;f.
1690;CANTO;;canto;m.
1696;CAPACIDAD;capacidad;;f.
1697;CAPACITACION;;capacitación;f.
1699;CAPATAZ;capataz, za;;m. y f.
1700;CAPAZ;capaz;;adj.
1703;CAPSULAS;capsular;;tr.
1705;CAPTACION;;captación;f.
1706;CAPTADOR;captador, ra;;adj.
1712;CAPTURA;;captura;f.
1717;CARACTER;;carácter;m.
1718;CARACTERISTICA;;;
1719;CARACTERISTICOS;;característico, ca;adj.
1721;CARACTERIZACION;;caracterización;f.
1723;CARDIACA;cardíaco, ca;;adj.
1725;CARDIOLOGIA;;cardiología;f.
1728;CARDIOPATA;;;
1729;CARDIOPULMONAR;;;
1730;CARDIOVASCULAR;cardiovascular;;adj.
1733;CARENCIAS;carencia;;f.
1734;CARENTES;carente;;adj.
1735;CARETAS;careto, ta;;adj.
1737;CARGA;;carga;f.
1738;CARGAR;cargar;;tr.
1739;CARGO;;cargo;m.
1741;CARICATURISTA;caricaturista;;m. y f.
1743;CARNAVAL;carnaval;;m.
1744;CARNE;carne;;f.
1745;CARNET;carnet;;m.
1747;CARNICERIA;;;
1748;CARNICO;;carné;m.
1749;CARPA;;carpa;f.
1751;CARPETAS;carpeta;;f.
1753;CARPINTERIA;;carpintería;f.
1755;CARRERA;carrera;;f.
1756;CARRETERA;carretera;;f.
1757;CARRETILLA;carretilla;;f.
1758;CARRETILLERO;carretillero, ra;;m. y f.
1759;CARROCERIA;;carrocería;f.
1760;CARRON;;;
1761;CARTA;carta;;f.
1762;CARTEL;cartel;;m.
1763;CARTELERA;cartelero, ra;;adj.
1765;CARTELERIA;;cartelería;f.
1767;CARTERA;;cartera;f.
1768;CARTOGRAFIA;;;
1769;CARTOGRAFICAS;;cartográfico, ca;adj.
1771;CASA;;casa;f.
1773;CASCO;;casco;m.
1775;CASEROS;casero, ra;;adj.
1780;CASINO;casino;;m.
1783;CASO;;caso;m.
1787;CASTELLANO;castellano, na;;adj.
1790;CASTILLO;castillo;;m.
1791;CATA;;;
1793;CATALAN;;catalán, na;adj.
1794;CATALIZA;catalizar;;tr.
1795;CATALIZADOR;catalizador, ra;;adj.
1797;CATALIZADOS;catalizar;;tr.
1799;CATALOGACION;;;
1800;CATALOGAR;catalogar;;tr.
1802;CATALOGO;catalogar;;tr.
1804;CATALOGRAFICAS;;;
1807;CATASTRAL;catastral;;adj.
1808;CATASTRO;catastro;;m.
1809;CATASTROFES;;catástrofe;f.
1810;CATEDRA;;cátedra;f.
1811;CATEGORIA;;categoría;f.
1812;CATEGORIZACION;;categorización;f.
1814;CATERING;catering;;m.
1819;CATODICA;;catódico, ca;adj.
1821;CAUCHO;;caucho;m.
1822;CAUDALES;caudal;;adj.
1824;CAUSAL;causal;;adj.
1825;CAUSANTES;causante;;adj.
1826;CAUSAS;;causa;f.
1827;CAUTIVO;;cautivo, va;adj.
1851;CEDULAS;cedular;;tr.
1856;CELEBRACION;;;
1861;CELULAR;celular;;adj.
1862;CELULAS;;;
1863;CENA;;cena;f.
1866;CENIZA;;ceniza;f.
1867;CENSALES;censal;;adj.
1868;CENSO;;censo;m.
1873;CENTRAL;central;;adj.
1875;CENTRALITA;centralita;;f.
1876;CENTRALIZACION;;centralización;f.
1877;CENTRALIZADA;centralizar;;tr.
1880;CENTRICAS;;céntrico, ca;adj.
1881;CENTRO;;centro;m.
1886;CEPA;cepa;;f.
1889;CERAMICA;;cerámico, ca;adj.
1891;CERCANO;cercano, na;;adj.
1893;CEREALES;;;
1894;CEREBRAL;cerebral;;adj.
1895;CEREMONIAL;ceremonial;;adj.
1898;CERRADO;;cerrado, da;adj.
1900;CERRADURAS;cerradura;;f.
1901;CERRAR;cerrar;;tr.
1903;CERTACLES;;;
1904;CERTEZA;certeza;;f.
1906;CERTIFIADO;;certificado, da;adj.
1908;CERTIFICA;certificar;;tr.
1910;CERTIFICACION;;;
1914;CERTIFICADO;;certificado, da;adj.
1916;CERTIFICAR;certificar;;tr.
1921;CERTIPORT;;;
1924;CERVECERA;cervecero, ra;;adj.
1926;CERVEZAS;cerveza;;f.
1929;CESIONES;cesión;;f.
1930;CESPED;;;
1932;CESTISTA;;;
1933;CETA;-ete, ta;;suf.
1934;CETACEOS;;cetáceo, a;adj.
1951;CHAPA;;;
1953;CHAPISTA;chapista;;m. y f.
1954;CHARCUTERIA;;;
1955;CHARLA;;charla;f.
1956;CHAT;chat;;m.
1968;CHEQUE;;cheque;m.
1969;CHEQUEAR;chequear;;tr.
1970;CHEQUEO;;chequeo;m.
1972;CHICA;chico, ca;;adj.
1973;CHICOS;chico, ca;;adj.
1976;CHIMP;;;
1986;CHOFER;chofer;;m. y f.
1988;CHOQUE;;choque;m.
1989;CHORRO;chorro;;m.
1991;CIALP;;;
1992;CIAS;ciar;;intr.
2000;CICLISMO;ciclismo;;m.
2001;CICLO;;ciclo;m.
2003;CIEGA;;ciego, ga;adj.
2004;CIENCIA;ciencia;;f.
2005;CIENTE;ciente;;adj. desus.
2008;CIENTIFICO;;científico, ca;adj.
2009;CIERRE;;cierre;m.
2012;CIFRAS;;cifra;f.
2013;CIGARROS;cigarro;;m.
2015;CIMBRAS;;;
2016;CIMENTACION;;cimentación;f.
2018;CINE;cine;;m.
2020;CINEMATICO;;;
2022;CINEMATOGRAFICO;;cinematógrafo;m.
2027;CIRCO;circo;;m.
2033;CIRCUITO;circuito;;m.
2035;CIRCULARIZACION;;;
2037;CIRCULO;circular2;;intr.
2040;CIRUGIA;;cirugía;f.
2042;CITA;;;
2043;CITACION;;;
2048;CIUDAD;ciudad;;f.
2050;CIUDADANIA;;;
2051;CIUDADANO;ciudadano, na;;adj.
2053;CIVICOS;civil ;;adj. 
2054;CIVIL;clase ; ;f. 
2062;CLASE; ; ;
2064;CLASICO; ;clásico ca ;adj. 
2066;CLASIFICACION; ;clasificación ;f. 
2067;CLASIFICADAS; ;clasificado, da ;adj. 
2068;CLASIFICADOR;clasificador, ra ; ;adj. 
2071;CLASIFICAR;clasificar ; ;tr. 
2077;CLAUSTRO;claustro ; ;m. 
2080;CLAUSULADOS; ;clausular ;tr. 
2081;CLAUSULAS;clausular ; ;tr. 
2082;CLAVE; ;clave ;m. 
2084;CLAVIJAS;clavija ; ;f. 
2085;CLAVIJO; ;clavito ;m. 
2089;CLERICAL;clerical ; ;adj. 
2094;CLIENTE;cliente, ta ; ;m. y f. 
2095;CLIENTELA;clientela ; ;f. m. 
2102;CLIMA;clima ; ;adj. 
2103;CLIMATICO; ;climático, ca ; 
2105;CLIMATIZACION; ; ;f. 
2106;CLIMATOLOGIA; ;climatología ;f. 
2107;CLINICA; ;clin ;adj. 
2109;CLINICO; ;clínico, ca ;f. 
2112;CLONACION; ;clonación ;m. 
2113;CLORO; ;cloro ;m. 
2116;CLUB;club ; ; 
2126;COACHING; ; ;f. 
2127;COBERTURA;cobertura ; ;f. 
2130;COBRANZAS;cobranza ; ;tr. 
2131;COBRAR;cobrar ; ;m. 
2133;COBRE; ;cobre ;m. 
2135;COBRO; ;cobro ;f. 
2136;COCA; ;coca; 
2138;COCCION; ; ;m. 
2139;COCHE;coche; ;m. y f. 
2140;COCHINO;cochino, na ; ; 
2141;COCINA; ;cocinar ;tr. 
2142;COCINADOS; ;cocinado ;m. 
2144;COCINAR;cocinar ; ;tr. 
2145;COCINERO;cocinero, ra ; ;adj. 
2146;COCO;;coco;m. 
2147;COCTELES; ; ;m. 
2150;CODIFICACION;cóctel ;codificación ;f. 
2151;CODIGO; ;código ;m. 
2152;COEDUCACION; ;coeducación ;f. 
2156;COGER;coger ; ;tr. 
2157;COGNITIVA;cognitivo, va ; ;adj. 
2158;COGNITIVOCONDUCTUAL; ; ; 
2159;COHEDUCATIVAS; ; ; 
2160;COHERENCIA;coherencia ; ;f. 
2161;COHESION;;cohesión;f.
2167;COKTELERO;;;
2168;COLA;;;
2170;COLABORA;colaborar;;intr.
2172;COLABORACION;;;
2173;COLABORADO;colaborar;;intr.
2174;COLABORADOR;colaborador, ra;;adj.
2177;COLABORAR;colaborar;;intr.
2179;COLABORATIVO;colaborativo, va;;adj.
2181;COLECCION;;;
2183;COLECTIVIDADES;colectividad;;f.
2185;COLECTIVO;colectivo, va;;adj.
2186;COLECTORES;colector, ra;;adj.
2187;COLEGIACIONES;colegiación;;f.
2189;COLEGIADO;;colegiado, da;adj.
2190;COLEGIAL;colegial, la;;adj.
2191;COLEGIO;;colegio;m.
2194;COLMENAS;colmena;;f.
2195;COLOCACION;;colocación;f.
2198;COLOCAR;colocar;;tr.
2200;COLONIA;colonia;;f.
2203;COLOQUIO;coloquio;;m.
2204;COLOR;color;;m.
2205;COLUMNISTA;columnista;;m. y f.
2207;COMANDA;;comanda;f.
2209;COMANDOS;comando;;m.
2210;COMARCAS;;comarca;f.
2212;COMBATIR;combatir;;tr.
2213;COMBOS;combo, ba;;adj.
2214;COMBUSTIBLE;combustible;;adj.
2215;COMBUSTION;;combustión;f.
2216;COMEDOR;comedor, ra;;adj.
2219;COMENSALES;comensal;;m. y f.
2220;COMENTABAMOS;;comentar;tr.
2221;COMENTADAS;comentar;;tr.
2222;COMENTARIOS;comentario;;m.
2224;COMENZAR;comenzar;;tr.
2225;COMER;comer;;tr.
2226;COMERCIAL;comercial;;adj.
2227;COMERCIALIZACION;;comercialización;f.
2228;COMERCIALIZADORA;;;
2230;COMERCIALIZAR;comercializar;;tr.
2232;COMERCIO;;comercio;m.
2235;COMERSALES;;;
2238;COMETIDO;;cometido;m.
2239;COMICOS;;;
2241;COMICS;;cómic;m.
2242;COMIDA;;;
2247;COMISION;;comisión;f.
2252;COMPACTACION;;compactación;f.
2254;COMPACTOS;compacto, ta;;adj.
2256;COMPARACION;;comparación;f.
2257;COMPARADA;;comparado, da;adj.
2262;COMPARATIVO;comparativo, va;;adj.
2263;COMPARECENCIAS;comparecencia;;f.
2264;COMPARTIDA;compartir;;tr.
2266;COMPARTO;compartir;;tr.
2267;COMPAÑERA;compañero, ra;;m. y f.
2270;COMPAÑIA;;compañía;f.
2271;COMPENSACION;;;
2272;COMPETENCIA;competencia;;f.
2274;COMPETENCIAL;competencial;;adj.
2276;COMPETENTES;competente;;adj.
2277;COMPETICION;;competición;f.
2278;COMPETIDORAS;competidor, ra;;adj.
2280;COMPETITIVA;competitivo, va;;adj.
2282;COMPETITIVIDAD;competitividad;;f.
2283;COMPETITIVOS;competitivo, va;;adj.
2286;COMPLEJO;complejo, ja;;adj.
2287;COMPLEMENTADAS;complementar;;tr.
2289;COMPLEMENTAR;complementar;;tr.
2290;COMPLEMENTARIA;complementario, ria;;adj.
2291;COMPLEMENTARIOS;complementario, ria;;adj.
2292;COMPLEMENTO;;complemento;m.
2295;COMPLETADO;completar;;tr.
2298;COMPLETAR;completar;;tr.
2300;COMPLETO;;;
2305;COMPONENTES;componente;;adj.
2307;COMPORTAMIENTO;comportamiento;;m.
2308;COMPOSER;;;
2309;COMPOSICION;;composición;f.
2310;COMPRA;;compra;f.
2312;COMPRAR;comprar;;tr.
2314;COMPRAVENTA;compraventa;;f.
2316;COMPRENDEN;comprender;;tr.
2318;COMPRENDIDO;comprender;;tr.
2320;COMPRENSION;;;
2321;COMPRENSIVA;comprensivo, va;;adj.
2323;COMPRESION;;compresión;f.
2324;COMPRESOR;compresor, ra;;adj.
2325;COMPROBACION;;;
2327;COMPROBAR;comprobar;;tr.
2329;COMPROMISO;compromiso;;m.
2330;COMPUESTOS;;compuesto, ta;adj.
2331;COMPULSADA;compulsar;;tr.
2332;COMPUTABLES;computable;;adj.
2333;COMPUTACION;;computación;f.
2334;COMPUTADOR;computador, ra;;adj.
2336;COMPUTO;computar;;tr.
2340;COMUN;;común;adj.
2343;COMUNICACION;;comunicación;f.
2344;COMUNICADOS;;comunicado, da;adj.
2348;COMUNICAR;comunicar;;tr.
2354;COMUNICATIVA;comunicativo, va;;adj.
2356;COMUNIDAD;comunidad;;f.
2358;COMUNIONES;comunión;;f.
2360;COMUNITARIO;comunitario, ria;;adj.
2364;CONCEDIDA;conceder;;tr.
2366;CONCEPCION;;concepción;f.
2367;CONCEPTO;concepto, ta;;adj. desus.
2368;CONCEPTUAL;conceptual;;adj.
2370;CONCERTACION;;;
2373;CONCERTADOS;concertar;;tr.
2374;CONCERTAR;concertar;;tr.
2375;CONCESION;;concesión;f.
2376;CONCESIONARIO;concesionario, ria;;adj.
2377;CONCIENCIA;;conciencia;f.
2378;CONCIENCIACION;;concienciación;f.
2379;CONCIERTO;;concierto;m.
2380;CONCILIACION;;;
2382;CONCILIAR;conciliar;;adj.
2383;CONCILIATORIAS;conciliatorio, ria;;adj.
2385;CONCLUSIONES;conclusión;;f.
2388;CONCRETO;;concreto, ta;adj.
2390;CONCURSAL;;concursar;intr.
2391;CONCURSO;;concurso;m.
2393;CONDENSADORES;condensador, ra;;adj.
2395;CONDICION;;condición;f.
2398;CONDUCCION;;;
2399;CONDUCIR;conducir;;tr.
2400;CONDUCTA;conducta;;f.
2401;CONDUCTIMETRO;;conductímetro;m.
2402;CONDUCTOR;conductor, ra;;adj.
2403;CONDUCTOS;conducto;;m.
2407;CONECTAR;conectar;;tr.
2408;CONECTIVIDAD;conectividad;;f.
2409;CONEXION;;conexión;f.
2411;CONEXIONADO;conexionarse;;prnl.
2414;CONFECCION;;confección;f.
2415;CONFECCIONAR;confeccionar;;tr.
2417;CONFEDERACION;;confederación;f.
2420;CONFERENCIA;;conferencia;f.
2422;CONFESION;;;
2424;CONFIDENCIAL;confidencial;;adj.
2426;CONFIDENCIALIDAD;confidencialidad;;f.
2428;CONFIGURACION;;;
2429;CONFIGURAR;configurar;;tr.
2432;CONFINADOS;;confinado, da;adj.
2435;CONFIRMACION;;confirmación;f.
2436;CONFIRMAR;confirmar;;tr.
2438;CONFLICTIVAS;conflictivo, va;;adj.
2439;CONFLICTIVIDAD;conflictividad;;f.
2440;CONFLICTO;conflicto;;m.
2442;CONFORMADO;conformar;;tr.
2443;CONFORME;;conforme;adj.
2444;CONFORMIDADES;conformidad;;f.
2445;CONFORT;confort;;m.
2447;CONGELADO;;congelado, da;adj.
2450;CONGRESO;congreso;;m.
2452;CONJUNTO;;conjunto, ta;adj.
2454;CONMUTADA;conmutar;;tr.
2458;CONOCER;conocer;;tr.
2460;CONOCIDO;;conocido, da;adj.
2462;CONOCIMIENTO;conocimiento;;m.
2464;CONSECION;;;
2465;CONSECUCION;;consecución;f.
2467;CONSECUENCIA;consecuencia;;f.
2469;CONSECUTIVOS;consecutivo, va;;adj.
2470;CONSEGUIDA;conseguir;;tr.
2471;CONSEGUIR;conseguir;;tr.
2473;CONSEJO;consejo;;m.
2474;CONSENTIMIENTO;consentimiento;;m.
2476;CONSERVACION;;;
2479;CONSIGNACION;;;
2481;CONSIGNATARIA;consignatario, ria;;m. y f.
2487;CONSISTENTE;consistente;;adj.
2494;CONSOLA;consola;;f.
2495;CONSOLIDACION;;;
2496;CONSONANCIA;consonancia;;f.
2497;CONSORCIO;;consorcio;m.
2499;CONSTA;constar;;intr.
2501;CONSTANCIA;constancia1;;f.
2503;CONSTANTE;constante;;adj.
2505;CONSTITUCION;;;
2506;CONSTITUCIONAL;;;
2507;CONSTITUIR;constituir;;tr.
2508;CONSTITUTIONAL;;;
2509;CONSTRUCCION;;;
2511;CONSTRUCTIVAS;constructivo, va;;adj.
2512;CONSTRUCTIVISTA;constructivista;;adj.
2513;CONSTRUCTIVOS;constructivo, va;;adj.
2515;CONSTRUCTORA;constructor, ra;;adj.
2518;CONSULAR;consular;;adj.
2519;CONSULTA;;;
2521;CONSULTERIAS;;;
2522;CONSULTOR;consultor, ra;;adj.
2524;CONSULTORIA;;;
2526;CONSUMER;;;
2528;CONSUMIDOR;consumidor, ra;;adj.
2529;CONSUMIDOS;;consumir;tr.
2530;CONSUMIR;consumir;;tr.
2532;CONSUMO; ; ; 
2538;CONTABIL; ; ; 
2540;CONTABILICE;contabilizar ; ;tr. 
2543;CONTABILIDAD;contabilidad ; ;f. 
2545;CONTABILIZACION; ; ; 
2548;CONTABILIZAR;contabilizar ; ;tr. 
2549;CONTABLE;contable ; ;adj. 
2552;CONTACTAR;contactar ; ;intr. 
2553;CONTACTO; ;contacto ;m. 
2554;CONTADO; ;contado, da ;adj. 
2555;CONTADOR;contador, ra ; ;adj. 
2558;CONTAMINACION; ; ; 
2559;CONTAMINADAS;contaminar ; ;tr. 
2561;CONTAMINANTE;contaminante ; ;adj. 
2564;CONTAR;contar ; ;tr. 
2568;CONTEMPORANEA; ; ; 
2569;CONTENCION; ; ; 
2570;CONTENCIOSO;contencioso, sa ; ;adj. 
2571;CONTENEDORES;contenedor; ;m. 
2572;CONTENIDO; ;contenido, da ;adj. 
2573;CONTENOSA; ; ; 
2576;CONTEO;conteo ; ;m. 
2577;CONTESTACION; ; ; 
2580;CONTEXTO;contexto ; ;m. 
2584;CONTINGENCIA;contingencia ; ;f. 
2586;CONTINUACION; ; ; 
2588;CONTINUADA; ;continuar ;tr. 
2589;CONTINUIDAD;continuidad ; ;f. 
2590;CONTINUO;continuo, nua ; ;adj. 
2591;CONTRACTUALES;contractual ; ;adj. 
2592;CONTRADICTORIOS;contradictorio, ria ; ;adj. 
2593;CONTRAINCENDIO; ; ; 
2594;CONTRAMEDIDAS; ; ; 
2596;CONTRAPESADO;contrapesar ; ;tr. 
2597;CONTRAPULSACION; ; ; 
2598;CONTRASEÑA; ;contraseña ;f. 
2601;CONTRASTE; ;contraste ;m. 
2606;CONTRATACION; ; ; 
2607;CONTRATADO;contratar ; ;tr. 
2610;CONTRATAS; ;contrata ;f. 
2611;CONTRATISTA;contratista ; ;adj. 
2612;CONTRATO; ;contrato ;m. 
2616;CONTRIBUIR;contribuir ; ;intr. 
2619;CONTRIBUYENTE;contribuyente ; ;adj. 
2624;CONTROL;control ; ;m. 
2626;CONTROLADORES;controlador, ra ; ;adj. 
2628;CONTROLAR;controlar ; ;tr. 
2634;CONTROVERSIAS;controversia ; ;f. 
2637;CONVENCER;convencer ; ;tr. 
2638;CONVENCION; ; ; 
2640;CONVENCIONAL;convencional ; ;adj. 
2641;CONVENIO;convenio ; ;m. 
2642;CONVERSACION; ; ; 
2643;CONVERSACIONAL;conversacional ; ;adj. 
2644;CONVERSION; ; ; 
2645;CONVERTIDORES;convertidor, ra ; ;adj. 
2647;CONVIVENCIA;convivencia ; ;f. 
2649;CONVIVIR;convivir ; ;intr. 
2651;CONVOCATORIA;convocatorio, ria ; ;adj. 
2659;COOPERACION; ;cooperación ;f. 
2662;COOPERATIVISMO;cooperativismo ; ;m. 
2663;COOPERATIVO;cooperativo, va ; ;adj. 
2666;COORDINACION; ;coordinación ;f. 
2668;COORDINADA; ;coordinado, da ;adj. 
2669;COORDINADOR;coordinador, ra ; ;adj. 
2673;COORDINAR;coordinar ; ;tr. 
2676;COPA; ;copa ;f. 
2677;COPIA; ;copia;f. 
2679;COPROCULTIVOS; ; ;
2680;COPYWRITING; ; ; 
2681;CORAL;coral ; ;m. 
2682;CORAZON; ; ; 
2683;CORDELERIA; ;cordelería ;f. 
2684;CORDIAL;cordial ; ;adj. 
2685;CORE; ;chorar ;tr. 
2689;COREL; ; ; 
2692;CORONA; ;corona ;f. 
2694;CORPORACION; ;corporación ;f. 
2695;CORPORALES;corporal ; ;adj. 
2697;CORPORATIVO;corporativo, va ; ;adj. 
2700;CORRDINACION; ;coordinación ;f.  
2701;CORRECCION; ; ;
2705;CORRECTA;correcto, ta ; ;adj. 
2710;CORRECTIVO;correctivo, va ; ;adj. 
2711;CORRECTO;correcto, ta ; ;adj. 
2712;CORRECTOR;corrector, ra ; ;adj. 
2714;CORREDORES;corredor, ra ; ;adj. 
2715;CORREGIR;corregir ; ;tr. 
2716;CORREO; ;correo ;m. 
2720;CORRESPONDENCIA;correspondencia ; ;f. 
2723;CORRESPONSABILIDAD;corresponsabilidad ; ;f. 
2725;CORRIENTES;corriente ; ;adj. 
2727;CORROBORACION; ; ; 
2728;CORROSION; ;corrosión ;f. 
2730;CORRUPCION; ; ; 
2731;CORTACESPED; ;cortacésped ;m. 
2732;CORTADOS; ;cortado, da ;adj. 
2733;CORTAFUEGOS;cortafuego ; ;m.
2735;CORTAMETRAJE; ;cortometraje ;m. 
2737;CORTE;;corte;m.
2739;CORTESIA;;cortesía;f.
2740;CORTOMETRAJE;cortometraje;;m.
2742;CORTOS;corto, ta;;adj.
2744;COSAS;;cosa;f.
2746;COSIGNATARIA;;;
2747;COSMETICA;;cosmético, ca;adj.
2748;COSMETICOS;;cosmético, ca;adj.
2752;COSTA;costa;;f.
2753;COSTE;coste;;m.
2755;COSTERO;costero, ra;;adj.
2756;COSTUMBRES;;costumbre;f.
2757;COTACION;;;
2758;COTEJAR;cotejar;;tr.
2760;COTEJO;;cotejo;m.
2761;COTIDIANA;cotidiano, na;;adj.
2762;COTIZACION;;cotización;f.
2763;COTUR;;;
2774;CRACION;;;
2775;CRANEAL;craneal;;adj.
2782;CREA;;;
2783;CREACION;;creación;f.
2784;CREADA;crear;;tr.
2785;CREADOR;creador, ra;;adj.
2789;CREAR;crear;;tr.
2791;CREATIVA;creativo, va;;adj.
2793;CREATIVIDAD;creatividad;;f.
2794;CREATIVO;creativo, va;;adj.
2796;CRECER;crecer;;intr.
2797;CRECIMIENTO;crecimiento;;m.
2799;CREDENCIALES;credencial;;adj.
2800;CREDITO;;credo;m.
2801;CREO;;creer;tr.
2802;CRETA;creta;;f.
2803;CRIA;criar;;tr.
2804;CRIBA;;criba;f.
2805;CRIBAR;cribar;;tr.
2806;CRIMEN;crimen;;m.
2807;CRIMIGEN;;criminar;tr.
2808;CRIMINAL;criminal;;adj.
2810;CRIMINALISTICO;;criminalística;f.
2811;CRIMINOLOGIA;;criminología;f.
2813;CRIMINOLOGICO;;criminólogo, ga;adj.
2815;CRIOPRESERVACION;;;
2816;CRISIS;crisis;;f.
2822;CRITERIO;criterio;;m.
2823;CRITICA;criticar;;tr.
2824;CRITICO;criticar;;tr.
2827;CROASANES;;cruasán;m.
2828;CROMATOGRAFIA;;cromatografía;f.
2829;CROMATOGRAFICOS;;cromatógrafo;m.
2831;CROMATOGRAFO;;cromatógrafo;m.
2834;CRONICA;;crónico, ca;adj.
2835;CRONICO;;crono;m.
2836;CRONOGRAMAS;cronograma;;m.
2837;CRONOMETRADOR;cronometrador, ra;;m. y f.
2839;CROUPIER;;;
2842;CRUCE;;cruce;m.
2843;CRUCERO;crucero;;m.
2844;CRUE;;;
2845;CRUZ;cruz;;f.
2846;CRUZADA;;;
2854;CSPTACION;;captación;f.
2858;CTE;;;
2860;CUADERNOS;cuaderno;;m.
2861;CUADRANTE;cuadrante;;adj.
2862;CUADRE;cuadrar;;tr.
2863;CUADRILLA;cuadrilla;;f.
2864;CUADRO;;cuadro, dra;adj.
2865;CUALES;cual;;pron. relat. m. y f.
2866;CUALIDADES;cualidad;;f.
2867;CUALIFICACION;;cualificación;f.
2868;CUALIFICADO;;cualificado, da;adj.
2870;CUALITATIVO;cualitativo, va;;adj.
2874;CUANTIA;;cuantía;f.
2875;CUANTIFICACION;;;
2877;CUANTITATIVO;cuantitativo, va;;adj.
2880;CUARENTENA;cuarenteno, na;;adj. desus.
2887;CUBERTERIA;;cubertería;f.
2890;CUBIERTOS;;cubierto;m.
2893;CUBRIR;cubrir;;tr.
2894;CUCULCAN;;;
2895;CUDA;;;
2896;CUENTA;;cuenta;f.
2897;CUENTACUENTOS;cuentacuentos;;m. y f.
2898;CUENTOS;cuento;;m.
2899;CUERDA;;cuerda;f.
2900;CUERPO;cuerpo;;m.
2901;CUESTION;;cuestión;f.
2902;CUESTIONARIOS;cuestionario;;m.
2903;CUEVA;cueva;;f.
2906;CUIDADO;;cuidado;m.
2907;CUIDADOR;cuidador, ra;;adj.
2909;CUIDAR;cuidar;;tr.
2910;CULATAS;culata;;f.
2911;CULEBRA;culebra;;f.
2912;CULTIVO;;cultivo;m.
2913;CULTO;culto, ta;;adj.
2914;CULTURA;;;
2915;CULTURAL;cultural;;adj.
2916;CUMPLEAÑOS;cumpleaños;;m.
2917;CUMPLIA; ;cumplir ;tr. 
2918;CUMPLIDOS; ;cumplido, da ;adj. 
2920;CUMPLIMENTACION; ; ; 
2922;CUMPLIMENTAR;cumplimentar ; ;tr. 
2923;CUMPLIMENTO;cumplimentar ; ;tr. 
2924;CUMPLIMIENTO;cumplimiento ; ;m. 
2925;CUMPLIR;cumplir ; ;tr. 
2926;CUNETAS;cuneta ; ;f. 
2928;CUNICOLA; ;cunícola ;adj. 
2929;CUOTA;cuota ; ;f. 
2931;CUPO; ;cupo ;m. 
2932;CURA; ;cura ;m. 
2935;CURCAS;curco, ca ;;adj. 
2936;CUROS;curo ; ;m. 
2937;CURRICULAR;curricular ; ;adj. 
2938;CURRICULO; ;currículo ;m. 
2940;CURRICULUM; ;currículum ;m. 
2941;CURSADO; ;cursado, da ;adj. 
2945;CURSAR;cursar ; ;tr. 
2947;CURSILLO;cursillo ; ;m. 
2949;CURSO; ;curso ;m. 
2951;CUSTODIA; ;custodia ;f. 
2952;CUSTODIAR;custodiar ; ;tr. 
2959;CUÑAS; ;cuña ;f. 
2962;CV; ; ; 
2964;CVEDA; ; ; 
2965;CX; ; ; 
2966;CXONE; ;clonar ;tr. 
2985;DACIONES;dación ; ;f. 
2986;DACTILOSCOPIA;dactiloscopia ; ;f. 
2998;DANZA; ;danza ;f. 
2999;DAO; ; ; 
3000;DAR;dar ; ;tr. 
3003;DASSAULT; ; ; 
3006;DATACION; ;datación ;f. 
3007;DATAFONO; ;datáfono ;m. 
3011;DATOS;dato ; ;m. 
3016;DAÑO; ;daño ;m. 
3024;DEA;dea ; ;f. 
3028;DEALZ; ; ; 
3032;DEBATE; ; ; 
3033;DEBE; ;debe ;m. 
3034;DEBERES;deber ; ;m. 
3038;DEBUTADOS;debutar ; ;intr.
3039;DECA;deca- ; ;elem. compos. 
3042;DECANATO;decanato ; ;m. 
3044;DECESO;deceso ; ;m. 
3047;DECIR;decir ; ;tr. 
3048;DECISION; ; ; 
3049;DECISONES;;;
3050;DECLARACION;;declaración;f.
3053;DECORACION;;;
3054;DECORATIVO;decorativo, va;;adj.
3055;DECRETOS;decreto;;m.
3057;DEDICA;dedicar;;tr.
3060;DEDICACION;;dedicación;f.
3062;DEDICADO;dedicar;;tr.
3066;DEDUCCIONES;deducción;;f.
3067;DEDUCIBLES;deducible;;adj.
3071;DEEP;;jeep;m.
3073;DEFECTOS;defecto;;m.
3074;DEFENSA;defensa;;f.
3076;DEFICIENCIA;deficiencia;;f.
3077;DEFICIT;;déficit;m.
3080;DEFINICION;;definición;f.
3081;DEFINIDOS;;definido, da;adj.
3082;DEFINIR;definir;;tr.
3083;DEFINITIVA;definitivo, va;;adj.
3084;DEGRADACION;;degradación;f.
3085;DEGRADADAS;degradar;;tr.
3086;DEGRADADOS;degradar;;tr.
3087;DEGUSTACION;;;
3088;DEGUSTAR;degustar;;tr.
3095;DELANTAL;delantal;;m.
3098;DELEGACION;;delegación;f.
3099;DELEGADO;;delegado, da;adj.
3100;DELFOS;;;
3103;DELINCUENCIA;delincuencia;;f.
3104;DELINEACION;;delineación;f.
3105;DELINEADO;delinear;;tr.
3106;DELINEANTE;delineante;;m. y f.
3107;DELITO;delito;;m.
3119;DEMANDA;;demanda;f.
3120;DEMANDANTE;demandante;;adj.
3121;DEMANDARA;demandar;;tr.
3122;DEMARCACION;;demarcación;f.
3126;DEMENCIA;demencia;;f.
3127;DEMOCRACIA;democracia;;f.
3128;DEMOLA;;;
3129;DEMOLICION;;demolición;f.
3130;DEMONTAJE;;desmontaje;m.
3131;DEMORA;;demora;f.
3133;DEMOSTRACION;;demostración;f.
3136;DENUNCIAS;;denuncia;f.
3138;DEPA;;;
3139;DEPARTAMENTALES;departamental;;adj.
3140;DEPARTAMENTO;;;
3142;DEPATAMENTO;;departamento;m.
3144;DEPENDENCIA;dependencia;;f.
3149;DEPENDIENTE;dependiente, ta;;adj.
3150;DEPORTE;;deporte;m.
3153;DEPORTIVO;deportivo, va;;adj.
3154;DEPOSITADA;depositar;;tr.
3155;DEPOSITOS;;depósito;m.
3156;DEPRESION;;depresión;f.
3158;DEPTO;;;
3160;DEPURACION;;depuración;f.
3161;DEPURADORA;depurador, ra;;adj.
3163;DERECHO;;;
3165;DERIVACION;;derivación;f.
3166;DERIVADAS;;derivado, da;adj.
3169;DERIVADOS;;derivado, da;adj.
3170;DERIVAN;derivar;;intr.
3171;DERIVE;derivar;;intr.
3173;DESAFIO;;;
3174;DESALACION;;;
3176;DESALADORA;desalador, ra;;adj.
3178;DESALINIZADORA;desalinizador, ra;;adj.
3180;DESAMPARO;;desamparo;m.
3182;DESAPARECIDAS;;desaparecido, da;adj.
3184;DESAROLLOS;;;
3187;DESARROLLADO;;;
3188;DESARROLLADOR;;desarrollar;tr.
3193;DESARROLLAR;desarrollar;;tr.
3197;DESARROLLO;;desarrollo;m.
3198;DESAYUNO;;desayuno;m.
3199;DESBROCE;;desbroce;m.
3201;DESBROZADORA;;;
3202;DESBROZAR;desbrozar;;tr.
3204;DESCANSO;;descanso;m.
3205;DESCARGA;;descarga;f.
3207;DESCARGAR;descargar;;tr.
3210;DESCONEXION;;;
3211;DESCORNE;;;
3212;DESCRIPCION;;;
3214;DESCRIPTIVO;descriptivo, va;;adj.
3216;DESCUENTO;;descuento;m.
3217;DESECHADOS;desechar;;tr.
3219;DESEMPAÑANDO;desempañar;;tr.
3223;DESEMPEÑADO;desempeñar;;tr.
3227;DESEMPEÑAR;desempeñar;;tr.
3232;DESEMPLEADAS;desempleado, da;;adj.
3233;DESEMPLEADOS;desempleado, da;;adj.
3234;DESEMPLEO;desempleo;;m.
3237;DESENVUELVE;desenvolver;;tr.
3238;DESEOS;deseo;;m.
3239;DESFAVORECIDA;;desfavorecido, da;adj.
3240;DESFIBRILACION;;;
3242;DESFIBRILADOR;;;
3244;DESGINER;;;
3246;DESGLOSE;;desglose;m.
3247;DESHABITUACION;;;
3248;DESHIDRATACION;;;
3249;DESICIONES;;;
3253;DESINFECCION;;;
3254;DESINFORMACION;;;
3257;DESLINDES;;deslinde;m.
3258;DESMONTAJE;desmontaje;;m.
3259;DESMONTAR;desmontar;;tr.
3260;DESMPEÑADAS;;;
3261;DESOLADORAS;desolador, ra;;adj.
3262;DESOVA;desovar;;intr.
3263;DESPACHAR;despachar;;tr.
3264;DESPACHO;;despacho;m.
3265;DESPARASITACION;;desparasitación;f.
3267;DESPEDIDA;;despedida;f.
3268;DESPERDICIO;;desperdicio;m.
3269;DESPERFECTOS;desperfecto;;m.
3270;DESPIDO;;despido;m.
3271;DESPLAZAMIENTO;desplazamiento;;m.
3272;DESPLAZARME;desplazar;;tr.
3273;DESPLEGAR;desplegar;;tr.
3274;DESPLIEGUE;;despliegue;m.
3276;DESTACADA;;destacado, da;adj.
3278;DESTACAN;destacar;;tr.
3279;DESTACARIA;;;
3281;DESTETE;;destete;m.
3282;DESTINADA;;;
3284;DESTINATARIOS;destinatario, ria;;adj.
3286;DESTINO;;destino;m.
3288;DESTREZAS;destreza;;f.
3290;DESTRUCCION;;;
3291;DESTRUCTIVOS;destructivo, va;;adj.
3292;DESVIACIONES;desviación;;f.
3294;DESVIO;;;
3295;DETALLADA;;detallar;tr.
3297;DETALLADO;;detallar;tr.
3299;DETALLE;;detalle;m.
3300;DETALLISTA;detallista;;adj.
3301;DETECCION;;detección;f.
3302;DETECTADAS;detectar;;tr.
3303;DETECTAR;detectar;;tr.
3304;DETECTIVE;detective;;m. y f.
3306;DETERMINACION;;determinación;f.
3307;DETERMINADOS;;determinado, da;adj.
3308;DEUDA;;deuda;f.
3309;DEUDORES;deudor, ra;;adj.
3313;DEVC++;;;
3318;DEVOLUCION;;devolución;f.
3320;DEVUELTA;;devolver;tr.
3326;DIABETES;diabetes;;f.
3327;DIABETICO;;diabeto;m.
3328;DIABETOLOGICA;;;
3329;DIAGNOSIS;diagnosis;;f.
3330;DIAGNOSTICADOS;diagnosticar;;tr.
3331;DIAGNOSTICAR;diagnosticar;;tr.
3332;DIAGNOSTICO;diagnosticar;;tr.
3335;DIAGRAMA;;diagrama;m.
3336;DIAL;dial;;m.
3337;DIALNET;;;
3338;DIALOGO;dialogar;;intr.
3339;DIALOGUE;dialogar;;intr.
3340;DIALUX;;;
3341;DIALUZ;;dial;m.
3342;DIAMANTE;;diamante;m.
3346;DIAPOSITIVAS;diapositiva;;f.
3350;DIARIO;diario, ria;;adj.
3351;DIBUJANTE;dibujante;;adj.
3353;DIBUJO;;dibujo;m.
3355;DICCIONARIO;diccionario;;m.
3356;DICE;decir;;tr.
3357;DICENTES;dicente;;adj.
3363;DICTAMENES;;dictamen;m.
3365;DIDACTICA;;didáctico, ca;adj.
3366;DIDACTICO;;didáctico, ca;adj.
3368;DIDACTO;;;
3370;DIESEL;;diésel;m.
3371;DIETAS;;dieta;f.
3373;DIETETICA;;dietético, ca;adj.
3374;DIETETICO;;dietético, ca;adj.
3376;DIFERENCIACION;;diferenciación;f.
3378;DIFERENCIADORES;diferenciador, ra;;adj.
3381;DIFERENTE;diferente;;adj.
3382;DIFFICULTAD;;dificultad;f.
3385;DIFUSION;;difusión;f.
3386;DIGESTIBILIDAD;digestibilidad;;f.
3388;DIGESTIVO;digestivo, va;;adj.
3392;DIGITAL;digital;;adj.
3393;DIGITALIZACION;;digitalización;f.
3394;DIGITALIZAR;digitalizar;;tr.
3397;DILIGENCIAR;diligenciar;;tr.
3399;DILIGENCIAS;;diligencia;f.
3400;DIMENSIONALES;dimensional;;adj.
3401;DIMENSIONAMIENTO;dimensionamiento;;m.
3402;DIMENSIONES;;dimensión;f.
3404;DINAMICA;;dinámico, ca;adj.
3406;DINAMISMO;dinamismo;;m.
3407;DINAMIZACION;;dinamización;f.
3408;DINAMIZADOR;dinamizador, ra;;adj.
3411;DINAMIZAR;dinamizar;;tr.
3413;DINERO;dinero ; ;m. 
3415;DINGUS; ;diu ;m. 
3421;DIPLOMA; ;diploma ;m. 
3422;DIPLOMACIA;diplomacia ; ;f. 
3423;DIPLOMADO; ;diplomar ;tr. 
3424;DIPLOMATIA; ; ; 
3425;DIPLOMATURA;diplomatura ; ;f. 
3426;DIPOMADO; ;diplomar ;tr. 
3427;DIPUTACION; ;diputación ;f. 
3433;DIRECTIVA;directivo, va ; ;adj. 
3434;DIRECTIVOS;directivo, va ; ;adj. 
3437;DIRECTO;directo, ta ; ;adj. 
3438;DIRECTOR;director, ra ; ;adj. 
3443;DIRECTRICES;directriz ; ;adj. 
3445;DIRIGIDA; ;dirigir ;tr. 
3448;DIRIGIR;dirigir ; ;tr. 
3450;DIRIJIR;;dirigir ;tr. 
3452;DIROFILARIAS; ; ; 
3456;DISCAPACIDAD;discapacidad ; ;f. 
3457;DISCAPACITADO;;discapacitado, da ;adj. 
3459;DISCIPLINA; ;disciplina ;f. 
3461;DISCIPLINARIO;disciplinario, ria ; ;adj. 
3463;DISCOGRAFICA; ;discográfico, ca ;adj. 
3464;DISCONTINUO;discontinuo, nua ; ;adj. 
3465;DISCOTECA;discoteca ; ;f. 
3468;DISCRECIONALES;discrecional ; ;adj. 
3470;DISCREPANCIES; ;discrepancia ;f. 
3471;DISCRIMINACION; ;discriminación ;f. 
3472;DISCURSO; ;discurso ;m. 
3475;DISCUSION; ;discusión ;f. 
3480;DISEÑADO;diseñar ; ;tr. 
3481;DISEÑADOR;diseñador, ra ; ;m. y f. 
3486;DISEÑAR;diseñar ; ;tr. 
3490;DISEÑO; ;diseño ;m. 
3491;DISFRACES; ;disfraz ;m. 
3492;DISFRUTAR;disfrutar ; ;tr. 
3495;DISGRAFIA;disgrafia ; ;f. 
3496;DISLEXIA;dislexia ; ;f. 
3497;DISOLUCIONES;disolución ; ;f. 
3498;DISPENSACION; ;dispensación ;f. 
3499;DISPENSAR;dispensar ; ;tr. 
3501;DISPERSOS;disperso, sa ; ;adj. 
3502;DISPLAY; ; ; 
3506;DISPONIBILIDAD;disponibilidad ; ;f. 
3507;DISPONIBLE; ; ; 
3509;DISPOSICION; ;disposición ;f. 
3510;DISPOSITIVO;dispositivo, va ; ;adj. 
3511;DISPUTAS; ;disputa ;f. 
3513;DISTINCION; ;distinción ;f. 
3519;DISTRIBUCION;;distribución;f.
3521;DISTRIBUIDOR;distribuidor, ra;;adj.
3523;DISTRIBUIDOS;distribuir;;tr.
3524;DISTRIBUIR;distribuir;;tr.
3528;DISTRITO;distrito;;m.
3534;DIVERSIDAD;diversidad;;f.
3535;DIVERSION;;diversión;f.
3538;DIVERSO;diverso, sa;;adj.
3539;DIVERTIDA;;divertido, da;adj.
3540;DIVISA;;divisa;f.
3542;DIVISION;;división;f.
3543;DIVULGACION;;divulgación;f.
3544;DIVULGATIVO;;;
3551;DOBLADO;;doblado, da;adj.
3552;DOBLAJE;doblaje;;m.
3554;DOBLAR;doblar;;tr.
3558;DOCENCIA;docencia;;f.
3561;DOCENTE;docente;;adj.
3564;DOCTOR;doctor, ra;;m. y f.
3567;DOCTORADO;;doctorado;m.
3570;DOCUMENTACION;;documentación;f.
3572;DOCUMENTAL;documental;;adj.
3573;DOCUMENTALISTA;documentalista;;adj.
3574;DOCUMENTAR;documentar;;tr.
3576;DOCUMENTARIA;documentario, ria;;adj.
3577;DOCUMENTO;;documento;m.
3578;DOCUMENTOSCOPIA;;;
3582;DOLOR;dolor;;m.
3583;DOLOROSO;doloroso, sa;;adj.
3584;DOMESTICA;domesticar;;tr.
3585;DOMICILIACIONES;domiciliación;;f.
3586;DOMICILIARIA;domiciliario, ria;;adj.
3588;DOMICILIO;;domicilio;m.
3590;DOMINAR;dominar;;tr.
3592;DOMINIO;dominio;;m.
3593;DOMOTICA;;domótico, ca;adj.
3598;DONADOS;;donar;tr.
3599;DONCENCIA;;docencia;f.
3603;DORMIR;dormir;;intr.
3604;DOSSIER;dossier;;m.
3606;DOTACION;;dotación;f.
3625;DRAMATICO;;dramático, ca;adj.
3630;DRENAJE;drenaje;;m.
3638;DROGAS;;droga;f.
3639;DROGODEPENDENCIA;drogodependencia;;f.
3640;DROGODEPENDIENTES;drogodependiente;;adj.
3651;DUAL;dual;;adj.
3653;DUBITADOS;;debitar;tr.
3655;DUDA;;duda;f.
3656;DUDOSO;dudoso, sa;;adj.
3659;DUELO;;duelo;m.
3660;DUEÑA;dueño, ña;;m. y f.
3662;DULCERIA;;dulcería;f.
3664;DULCES;dulce;;adj.
3665;DUNAR;;;
3667;DUPLICADOS;;duplicado;m.
3668;DURABILIDAD;durabilidad;;f.
3669;DURACION;;duración;f.
3670;DURANTES;;durar;intr.
3671;DVD;DVD;;m.
3686;ECLESIASTICA;;eclesiástico, ca;adj.
3688;ECO;;;
3689;ECOAQUA;;;
3690;ECOCARDIOGRAFIA;;ecocardiografía;f.
3691;ECOGRAFIA;;ecografía;f.
3692;ECOGUIADA;;;
3693;ECOLOGIA;;;
3695;ECOLOGICO;;;
3697;ECONOMATO;economato;;m.
3698;ECONOMETRIA;;econometría;f.
3700;ECONOMETRICO;;econométrico, ca;adj.
3701;ECONOMIA;;economía;f.
3704;ECONOMICO;;;
3706;ECONOMISTA;economista;;m. y f.
3707;ECOSISTEMA;ecosistema;;m.
3708;ECOVIDRIO;;;
3710;ECUATORIAL;ecuatorial;;adj.
3714;EDAFOLOGIA;;edafología;f.
3715;EDAMUS;;heder;intr.
3720;EDICION;;edición;f.
3723;EDIFICACION;;edificación;f.
3724;EDIFICIO;edificio;;m.
3727;EDITADO;editar;;tr.
3728;EDITAR;editar;;tr.
3730;EDITOR;editor, ra;;adj.
3733;EDITORIAL;editorial;;adj.
3742;EDUCA;educar;;tr.
3745;EDUCACION;;educación;f.
3746;EDUCADO;;educado, da;adj.
3747;EDUCADOR;educador, ra;;adj.
3751;EDUCAR;educar;;tr.
3756;EDUCATIVO;educativo, va;;adj.
3762;EFECTIVO;;efectivo, va;adj.
3764;EFECTO;efecto;;m.
3769;EFECTUAR;efectuar;;tr.
3771;EFICACES;eficaz;;adj.
3772;EFICACIA;eficacia;;f.
3773;EFICAZ;eficaz;;adj.
3775;EFICIENCIA;eficiencia;;f.
3776;EFICIENTE;eficiente;;adj.
3780;EFIMEROS;;efímero, ra;adj.
3783;EGB; ; ; 
3788;EGIPTOMANIA; ; ; 
3789;EGOISTA; ;egoísta ;adj. 
3790;EGRESADOS; ;egresar ;intr. 
3801;EJE;eje ; ;m. 
3802;EJECUCION; ; ; 
3808;EJECUTAR;ejecutar ; ;tr. 
3810;EJECUTIVA;ejecutivo, va ; ;adj. 
3812;EJEMPLARES;ejemplar ; ;adj. 
3813;EJEMPLO; ;ejemplo ;m. 
3814;EJERCE;ejercer ; ;tr. 
3815;EJERCER;ejercer ; ;tr. 
3819;EJERCICIO;ejercicio ; ;m. 
3821;EJERCIENTE; ; ; 
3822;EJERCITO;ejercitar ; ;tr. 
3830;ELABORACION; ;elaboración ;f. 
3831;ELABORADOS; ;elaborado, da ;adj. 
3834;ELABORAR;elaborar ; ;tr. 
3836;ELASMOBRANQUIOS; ; ; 
3840;ELECCION; ;elección ;f. 
3841;ELECTORAL; ; ; 
3846;ELECTRICIDAD;electricidad ; ;f. 
3847;ELECTRICISTA;electricista ; ;adj. 
3849;ELECTRICO; ;electro ;m. 
3850;ELECTRIFICACION; ; ; 
3852;ELECTROCARDIOGRAFIA; ; ; 
3853;ELECTROCARDIOGRAMA; ; ; 
3854;ELECTROCONFORMADO; ; ; 
3855;ELECTRODO;electrocardiograma ; ;m. 
3856;ELECTRODOMESTICOS; ;electrodoméstico ;m. 
3857;ELECTROESTIMULACION;electrodo ; ;m. 
3858;ELECTROFORESIS;electroforesis ; ;f. 
3860;ELECTROMECANICO; ;electromecánico, ca ;adj. 
3862;ELECTRONICO; ;electrón ;m. 
3864;ELECTROTECNICAS; ;electrotécnico, ca ;adj. 
3866;ELECTROTECNICO; ;electrotécnico, ca ;adj. 
3869;ELEGIBILIDAD;elegibilidad ; ;f. 
3876;ELEVACION; ; ; 
3879;ELEVADORES;elevador, ra ; ;adj. 
3880;ELIMINACION; ;eliminación ;f. 
3886;EMAIL; ; ; 
3889;EMANCIPACION; ;emancipación ;f. 
3894;EMBARAZOS;embarazo ; ;m. 
3895;EMBARCACION; ;embarcación ;f. 
3896;EMBARCADERO;embarcadero ; ;m. 
3898;EMBARCAR;embarcar ; ;tr. 
3899;EMBARGO; ;embargo ;m. 
3902;EMBARQUE; ;embarque ;m. 
3903;EMBELLECIMIENTO;embellecimiento ; ;m. 
3904;EMBOLSAR;embolsar;;tr.
3905;EMBRAGUE;;embrague;m.
3907;EMERGENCIA;emergencia;;f.
3909;EMERGENTE;emergente;;adj.
3911;EMIGRANTES;emigrante;;adj.
3913;EMISION;;emisión;f.
3914;EMITIDAS;emitir;;tr.
3916;EMITIR;;;
3917;EMOCION;;emoción;f.
3918;EMOCIONAL;emocional;;adj.
3919;EMPAQUETADO;;empaquetado;m.
3920;EMPAQUETADORA;empaquetador, ra;;m. y f.
3921;EMPAQUETAR;empaquetar;;tr.
3922;EMPATIA;;empatía;f.
3924;EMPATICA;;empático, ca;adj.
3926;EMPIRICO;;empírico, ca;adj.
3928;EMPLATAR;emplatar;;tr.
3930;EMPLEA;;emplear;tr.
3931;EMPLEABILIDAD;empleabilidad;;f.
3933;EMPLEADO;;emplear;tr.
3936;EMPLEO;;empleo;m.
3937;EMPODERAMIENTO;empoderamiento;;m.
3938;EMPODERANDO;empoderar;;tr.
3942;EMPRENDE;emprender;;tr.
3943;EMPRENDEDOR;emprendedor, ra;;adj.
3945;EMPRENDEDURIA;;;
3948;EMPRENDER;emprender;;tr.
3950;EMPRENDIMIENTO;emprendimiento;;m.
3951;EMPRESA;empresa;;f.
3952;EMPRESARIA;empresario, ria;;m. y f.
3953;EMPRESARIAL;empresarial;;adj.
3955;EMPRESARIOS;empresario, ria;;m. y f.
3957;EMULACION;;emulación;f.
3958;EMYA;;;
3963;ENCAMINADOS;encaminar;;tr.
3964;ENCANTO;;encanto;m.
3965;ENCARGA;encargar;;tr.
3968;ENCARGADO;;encargado, da;adj.
3975;ENCARGO;;encargo;m.
3976;ENCARGUE;;encargar;tr.
3977;ENCHUFES;;enchufe;m.
3978;ENCOFRADO;;encofrado;m.
3982;ENCONTRAR;encontrar;;tr.
3984;ENCUADERNACION;;encuadernación;f.
3989;ENCUESTA;;encuesta;f.
3990;ENCUESTADOR;encuestador, ra;;m. y f.
3998;ENDOCRINO;endocrino, na;;adj.
3999;ENDOTERAPIA;;;
4003;ENERGETICO;;energético, ca;adj.
4005;ENERGIA;;energía;f.
4011;ENESEÑANZA;;enseñanza;f.
