;Singular;;;
54;ABACO;;;
71;ABIERTO;;;
74;ABOGACIA;;;
76;ABOGADO;;;
88;ABSENTISMO;;;
89;ABSORCION;;;
90;ABSTRACCION;;;
92;ABUSOS;;;
94;ACABADOS;;;
97;ACADEMIA;;;
100;ACAMPADAS;;;
107;ACCESIBLE;;;
110;ACCESORIOS;;;
112;ACCIDENTE;;;
114;ACCIONISTAS;;;
119;ACELERADO;;;
120;ACEPTACION;;;
131;ACLARACION;;;
133;ACLIMATACION;;;
135;ACOGIDA;;;
141;ACOMETIDA;;;
144;ACOMODADOR;;;
148;ACOMPAÑANTE;;;
152;ACONDICIONAMIENTO;;;
153;ACORDAR;;;
154;ACORDEON;;;
155;ACORTAMIENTO;;;
157;ACOSO;;;
165;ACREDITADO;;;
166;ACREEDORES;;;
170;ACTA;;;
171;ACTITUD;;;
176;ACTIVACION;;;
182;ACTIVIDAD;;;
184;ACTIVO;;;
187;ACTOR;;;
188;ACTRIZ;;;
191;ACTUADORES;;;
192;ACTUAL;;;
193;ACTUALIDAD;;;
194;ACTUALIZACION;;;
197;ACTUALIZADO;;;
202;ACUAPONIA;;;
204;ACUARIOFILIA;;;
205;ACUARISTA;;;
209;ACUATICO;;;
213;ACUERDO;;;
214;ACUICULTURA;;;
219;ACUPUNTURA;;;
221;ACUSACION;;;
225;ACUSTICO;;;
230;ADAPTABILIDAD;;;
231;ADAPTACION;;;
233;ADAPTADO;;;
241;ADECUACION;;;
245;ADECUADO;;;
249;ADICCION;;;
252;ADIESTRAMIENTO;;;
253;ADITIVA;;;
254;ADJUDICADOS;;;
260;ADJUNTO;;;
267;ADMINISTRACION;;;
269;ADMINISTRADOR;;;
277;ADMINISTRATIVO;;;
281;ADMISION;;;
288;ADN;;;
290;ADOLESCENCIA;;;
292;ADOPCION;;;
299;ADQUIRIR;;;
311;ADUANA;;;
313;ADUANERO;;;
315;ADULTO;;;
319;ADVERSAS;;;
332;ENTRENADOR;;;
334;AEREO;;;
336;AERMODELISMO;;;
340;AEROBIC;;;
342;AEROBOX;;;
346;AEROGRAFICAS;;;
347;AEROLASER;;;
350;AERONAUTICO;;;
351;AERONAVE;;;
353;AEROPORTUARIO;;;
354;AEROPUERTO;;;
355;AFAN;;;
356;AFECTAN;;;
359;AFECTIVO;;;
363;AFILIACION;;;
365;AFILIADO;;;
366;AFLUENCIA;;;
367;AFORO;;;
372;AFTERMARKET;;;
380;AGENCIA;;;
383;AGENDA;;;
386;AGENDAR;;;
387;AGENTE;;;
390;AGIL;;;
392;AGILIDAD;;;
397;AGRADABLE;;;
398;AGRADECER;;;
401;AGRARIO;;;
402;AGREGADO;;;
404;AGRESION;;;
405;AGRICOLA;;;
406;AGRICULTORES;;;
407;AGRICULTURA;;;
408;AGROALIMENTARIA;;;
410;AGRONOMA;;;
411;AGUA;;;
419;AHOGAR;;;
421;AHORRO;;;
429;AIRE;;;
431;AISLAMIENTO;;;
433;AISLANTES;;;
434;AJARDINAMIENTO;;;
437;AJEDREZ;;;
441;AJUSTADO;;;
442;AJUSTE;;;
447;ALARMAS;;;
448;ALBARAN;;;
450;ALBAÑILERIA;;;
452;ALCALDES;;;
454;ALCANTARILLADO;;;
455;ALCANZABLES;;;
457;ALCANZAR;;;
459;ALCOHOLISMO;;;
462;ALEACIONES;;;
463;ALEGACIONES;;;
464;ALEGRE;;;
471;ALERGENOS;;;
472;ALERGIAS;;;
474;ALERTAS;;;
477;ALFA;;;
478;ALFABETIZACION;;;
481;ALGAS;;;
483;ALGORITMIA;;;
489;ALIMENTACION;;;
491;ALIMENTARIO;;;
492;ALIMENTICIO;;;
493;ALIMENTO;;;
495;ALINEACION;;;
496;ALISIOS;;;
497;ALJIBE;;;
500;ALLANAMIENTO;;;
507;ALMACEN;;;
508;ALMACENAJE;;;
513;ALOE;;;
517;ALOJAMIENTO;;;
523;ALPISPA;;;
526;ALQUILER;;;
530;ALTA;;;
534;ALTERACION;;;
535;ALTERIDAD;;;
536;ALTERNANCIA;;;
540;ALTERNATIVO;;;
543;ALTURA;;;
544;ALUMBRADO;;;
546;ALUMINIO;;;
548;ALUMNADO;;;
549;ALUMNO;;;
551;ALZADOS;;;
553;ALZHEIMER;;;
555;AMABLE;;;
560;AMASADO;;;
561;AMASIS;;;
562;AMAZON;;;
566;AMBIENTAL;;;
568;AMBIENTE;;;
569;AMBIENTOLOGOS;;;
572;AMBITO;;;
574;AMBULANCIA;;;
575;AMBULATORIA;;;
577;AMENA;;;
584;AMIGOS;;;
588;MANIPULADORES;;;
589;AMOR;;;
590;AMORTIZACION;;;
592;AMOVIBLES;;;
595;AMPLIA;;;
596;AMPLIACION;;;
599;AMPLIFICACION;;;
600;AMPLIO;;;
602;AMPUTADOS;;;
603;ANALISIS;;;
604;ANALISTA;;;
606;ANALITICO;;;
609;ANALIZADORES;;;
613;ANALOGAR;;;
614;ANALOGICA;;;
615;ANALOGICOS;;;
622;ANCIANOS;;;
627;ANDAMIOS;;;
634;ANEMIA;;;
636;ANESTESIA;;;
645;ANIMACION;;;
646;ANIMADOR;;;
648;ANIMAL;;;
649;ANIMALARIO;;;
654;ANIMO;;;
655;ANIVERSARIO;;;
659;ANOMALIAS;;;
660;ANOTACION;;;
665;ANTELACION;;;
668;ANTENA;;;
670;ANTENCION;;;
671;ANTEPROYECTO;;;
677;ANTIBIOTICOS;;;
678;ANTICELULITICO;;;
679;ANTICORROSIVOS;;;
680;ANTICUERPOS;;;
681;ANTIESTRES;;;
684;ANTIGüEDAD;;;
685;ANTIOXIDANTE;;;
686;ANTIOXIDO;;;
688;ANTIPLAGAS;;;
689;ANTIVIRUS;;;
692;ANTROPOLOGIA;;;
694;ANULACION;;;
696;ANUNCIOS;;;
700;ANàLISIS;;;
701;AP;;;
703;APARATO;;;
704;APARCAMIENTOS;;;
705;APARCAR;;;
706;APAREJADO;;;
711;APARTAMENTO;;;
716;APERTURA;;;
720;APICULTURA;;;
724;APLICACION;;;
726;APLICADO;;;
729;APLICATIVO;;;
733;APORTACION;;;
735;APORTAR;;;
738;APOYAR;;;
739;APOYO;;;
749;APREMIO;;;
752;APRENDER;;;
758;APRENDIZAJE;;;
760;APROBACION;;;
761;APROBADO;;;
762;APROPIADOS;;;
764;APROVECHAMIENTO;;;
766;APROVECHAR;;;
767;APROVISIONAMIENTO;;;
770;APROXIMACION;;;
771;APTITUD;;;
773;APUESTAS;;;
775;APUNTES;;;
785;ARANCELES;;;
788;ARBITRAJE;;;
789;ARBITRO;;;
790;ARBOLADO;;;
791;ARBOLES;;;
796;ARCHIPIELAGO;;;
804;ARCHIVADO;;;
808;ARCHIVISTICO;;;
809;ARCHIVO;;;
814;ARCPC;;;
818;AREA;;;
823;ARGUMENTACION;;;
828;ARITMETICOS;;;
830;ARM;;;
831;ARMADA;;;
832;ARMADO;;;
833;ARMONICA;;;
835;ARMONIZACION;;;
837;AROMATERAPIA;;;
838;AROMATICOS;;;
839;ARQUEO;;;
841;ARQUEOLOGIA;;;
845;ARQUIM;;;
849;ARQUITECTO;;;
851;ARQUITECTONICO;;;
852;ARQUITECTURA;;;
854;ARRANQUES;;;
855;ARRAS;;;
858;ARRASTRE;;;
862;ARRENDAMIENTO;;;
863;ARRITMIAS;;;
865;ARTE;;;
870;ARTESANAL;;;
872;ARTESANIA;;;
873;ARTESANOS;;;
876;ARTICULO;;;
879;ARTISTA;;;
883;ARTISTICO;;;
888;ASAJEROS;;;
890;ASAMBLEA;;;
892;ASCENSOR;;;
895;ASEGURADO;;;
898;ASEGURADORA;;;
906;ASEO;;;
909;ASERORAMIENTO;;;
911;ASERTIVA;;;
913;ASERTIVIDAD;;;
915;ASESOR;;;
918;ASESORAMIENTO;;;
923;ASESORAR;;;
926;ASESORIA;;;
928;ASESORIAMIENTO;;;
932;ASFALTADO;;;
933;ASFALTICAS;;;
936;ASIENTO;;;
939;ASIGNACION;;;
941;ASIGNADO;;;
943;ASIGNAR;;;
944;ASIGNATURA;;;
947;ASIMILABLE;;;
948;ASIMILADOS;;;
952;ASISTENCIA;;;
956;ASISTENTE;;;
959;ASISTIDO;;;
962;ASISTIR;;;
965;ASOCIACION;;;
968;ASOCIADO;;;
970;ASOCIAR;;;
973;ASPECTO;;;
993;ASTILLERO;;;
1000;ASUMIR;;;
1001;ASUNTOS;;;
1006;ATAQUES;;;
1012;ATENCION;;;
1013;ATENCIONAL;;;
1016;ATENDER;;;
1021;ATENDIMIENTO;;;
1022;ATENEO;;;
1025;ATESTADO;;;
1027;ATIPICOS;;;
1029;ATLANTICO;;;
1033;ATLETISMO;;;
1034;ATMOSFERA;;;
1035;ATMOSFERICA;;;
1042;ATRACTIVO;;;
1043;ATRAER;;;
1044;ATRASOS;;;
1046;ATREZZOS;;;
1052;AUDIFONOS;;;
1053;AUDIO;;;
1055;AUDIOCENTRO;;;
1056;AUDIOVISUAL;;;
1059;AUDITADO;;;
1061;AUDITAR;;;
1063;AUDITIVA;;;
1065;AUDITOR;;;
1066;AUDITORIA;;;
1069;AUDITORIO;;;
1071;AULA;;;
1073;AUMENTAR;;;
1074;AUMENTO;;;
1077;AUREO;;;
1078;AURICULAR;;;
1079;AURICULOPUNTURA;;;
1081;AUSENCIA;;;
1084;AUTENTICIDAD;;;
1085;AUTISMO;;;
1086;AUTISTA;;;
1087;AUTO;;;
1088;AUTOAYUDA;;;
1090;AUTOCONSUMO;;;
1093;AUTOCONTROL;;;
1096;AUTODESCUBRIMIENTO;;;
1099;AUTODESPACHANTES;;;
1101;AUTODIDACTA;;;
1102;AUTOEDICION;;;
1103;AUTOEFICACIA;;;
1104;AUTOEMPLEO;;;
1105;AUTOESCUELA;;;
1107;AUTOMATAS;;;
1110;AUTOMATICO;;;
1111;AUTOMATISMO;;;
1112;AUTOMATIZACION;;;
1113;AUTOMATIZADO;;;
1115;AUTOMOCION;;;
1116;AUTOMOTRIZ;;;
1117;AUTOMOVIL;;;
1118;AUTOMOVILISMO;;;
1119;AUTOMOVILISTICA;;;
1120;AUTONOMA;;;
1121;AUTONOMIA;;;
1122;AUTONOMICA;;;
1124;AUTONOMO;;;
1125;AUTOPROTECCION;;;
1126;AUTORA;;;
1127;AUTORIAR;;;
1128;AUTORIDAD;;;
1129;AUTORIZACION;;;
1131;AUTORIZADO;;;
1133;AUTOSUFICIENTE;;;
1139;AUXILIAR;;;
1141;AUXILIO;;;
1143;AVALES;;;
1145;AVALON;;;
1146;AVANCE;;;
1149;AVANZADO;;;
1150;AVENTUREROS;;;
1152;AVERIA;;;
1155;AVERIGUACIONES;;;
1156;AVES;;;
1157;AVIACION;;;
1161;AVION;;;
1165;AVISAR;;;
1166;AVITUALLAMIENTO;;;
1173;AXIOLOGIA;;;
1179;AYUDA;;;
1187;AYUDANTE;;;
1188;AYUDAR;;;
1191;AYUNTAMIENTO;;;
1195;AZAFATO;;;
1196;AZAR;;;
1198;AZUCAR;;;
1199;AZUFRE;;;
1201;AZURE;;;
1202;AÑADIDOS;;;
1216;BACHILLER;;;
1217;BACHILLERATO;;;
1223;BACTERIA;;;
1224;BAE;;;
1228;BAILE;;;
1235;BALINES;;;
1236;BALIZAMIENTO;;;
1238;BALLET;;;
1239;BALON;;;
1240;BALONCESTO;;;
1241;BALONMANO;;;
1242;BANCA;;;
1244;BANCARIO;;;
1245;BANCO;;;
1246;BANDEJAS;;;
1248;BANDERAS;;;
1254;BANNERS;;;
1255;BANQUETES;;;
1257;BAR;;;
1263;BARCO;;;
1264;BAREMOS;;;
1265;BARISTA;;;
1266;BARMAN;;;
1267;BARRA;;;
1268;BARRANCO;;;
1269;BARRIOS;;;
1271;BARWOMAN;;;
1287;BASURA;;;
1290;BATERIA;;;
1293;BAUTIZOS;;;
1294;BAYESIANOS;;;
1295;BAÑISTAS;;;
1298;BAÑO;;;
1307;BDI;;;
1312;BEBES;;;
1313;BEBIDA;;;
1315;BECA;;;
1318;BECARIO;;;
1327;BELLEZA;;;
1329;BELLO;;;
1331;BENCHMARKING;;;
1332;BENEFICIARIA;;;
1334;BENEFICIO;;;
1353;BIBLIOGRAFIA;;;
1354;BIBLIOGRAFICA;;;
1356;BIBLIOTECA;;;
1357;BIBLIOTECARIO;;;
1358;BIBLIOTECONOMIA;;;
1359;BICICLETA;;;
1364;BIENESTAR;;;
1367;BILATERALES;;;
1369;BILINGüE;;;
1370;BILLARES;;;
1371;BILLETE;;;
1374;BINGO;;;
1376;BIO;;;
1377;BIOCLIMATISMO;;;
1379;BIOCOMBUSTIBLE;;;
1381;BIODERECHO;;;
1382;BIODIESEL;;;
1384;BIODIVERSIDAD;;;
1385;BIOETICA;;;
1387;BIOFERTILIZANTES;;;
1388;BIOINFORMATICA;;;
1389;BIOLOGIA;;;
1392;BIOLOGICO;;;
1393;BIOLOGO;;;
1395;BIOMASA;;;
1396;BIOMATERIALES;;;
1398;BIOMECANICA;;;
1399;BIOMECANICOS;;;
1402;BIOMEDICINA;;;
1403;BIOMEDICO;;;
1404;BIOQUIMICA;;;
1405;BIOQUIMICOS;;;
1406;BIOSFERA;;;
1409;BIOTECNOLOGIA;;;
1410;BIOTECNOLOGOS;;;
1411;BIPOLAR;;;
1413;BISEXUALES;;;
1414;BISUTERIA;;;
1417;BITEABLE;;;
1420;BITUMINOSAS;;;
1423;BLANQUEO;;;
1425;BLENDER;;;
1427;BLOG;;;
1429;BLOGGER;;;
1431;BLOGGING;;;
1433;BLOQUES;;;
1437;BOA;;;
1439;BOBINADO;;;
1440;BOCA;;;
1441;BOCADILLOS;;;
1442;BOCETOS;;;
1443;BODAS;;;
1444;BODEGA;;;
1446;BODYBOARD;;;
1449;BOLETIN;;;
1450;BOLETOS;;;
1451;BOLLERIA;;;
1452;BOLSA;;;
1455;BOLSOS;;;
1456;BOMBAS;;;
1457;BOMBEO;;;
1459;BONIFICACION;;;
1460;BONIFICADA;;;
1461;BONOS;;;
1472;BOTADURAS;;;
1473;BOTANICO;;;
1475;BOTELLEROS;;;
1476;BOTIQUINES;;;
1481;BOYAS;;;
1500;BRINDAR;;;
1503;BROKERS;;;
1504;BROMATOLOGICO;;;
1507;BUCEO;;;
1510;BUFFER;;;
1512;BUFFET;;;
1513;BUIATRIA;;;
1517;BUJIAS;;;
1522;BUQUE;;;
1524;BUROCRATICOS;;;
1525;BURSATIL;;;
1527;BUSCADORES;;;
1529;BUSCAR;;;
1531;BUSQUEDA;;;
1536;BUTACAS;;;
1538;BUZO;;;
1560;CABINA;;;
1561;CABLEADO;;;
1563;CABLES;;;
1569;CADENA;;;
1575;CADUCIDAD;;;
1576;CAE;;;
1578;CAFE;;;
1579;CAFETERA;;;
1581;CAFETERIA;;;
1582;CAFMA;;;
1583;CAI;;;
1585;CAIDA;;;
1588;CAJA;;;
1592;CAJERO;;;
1593;CAJONES;;;
1594;CALADO;;;
1597;CALCULO;;;
1598;CALDERAS;;;
1599;CALDERERIA;;;
1601;CALDEROS;;;
1602;CALEFACCION;;;
1605;CALENDARIO;;;
1608;CALENTAMIENTO;;;
1609;CALIBRACION;;;
1610;CALIBRADO;;;
1611;CALIDAD;;;
1615;CALIFICACION;;;
1618;CALIFICAR;;;
1626;CALLE;;;
1627;CALLEJEROS;;;
1629;CALZADO;;;
1631;CAMARA;;;
1634;CAMARERO;;;
1638;CAMBIAR;;;
1640;CAMBIO;;;
1645;CAMINO;;;
1646;CAMION;;;
1647;CAMISETAS;;;
1649;CAMPAMENTO;;;
1651;CAMPAÑA;;;
1652;CAMPEONATO;;;
1654;CAMPISMO;;;
1655;CAMPO;;;
1661;CANAL;;;
1663;CANALIZACION;;;
1671;CANCELACIONES;;;
1672;CANCER;;;
1674;CANCHAS;;;
1677;CANDIDATOS;;;
1681;CANINO;;;
1683;CANNABIS;;;
1688;CANTIDAD;;;
1689;CANTINA;;;
1690;CANTO;;;
1696;CAPACIDAD;;;
1697;CAPACITACION;;;
1699;CAPATAZ;;;
1700;CAPAZ;;;
1703;CAPSULAS;;;
1705;CAPTACION;;;
1706;CAPTADOR;;;
1712;CAPTURA;;;
1717;CARACTER;;;
1718;CARACTERISTICA;;;
1719;CARACTERISTICOS;;;
1721;CARACTERIZACION;;;
1723;CARDIACA;;;
1725;CARDIOLOGIA;;;
1728;CARDIOPATA;;;
1729;CARDIOPULMONAR;;;
1730;CARDIOVASCULAR;;;
1733;CARENCIAS;;;
1734;CARENTES;;;
1735;CARETAS;;;
1737;CARGA;;;
1738;CARGAR;;;
1739;CARGO;;;
1741;CARICATURISTA;;;
1743;CARNAVAL;;;
1744;CARNE;;;
1745;CARNET;;;
1747;CARNICERIA;;;
1748;CARNICO;;;
1749;CARPA;;;
1751;CARPETAS;;;
1753;CARPINTERIA;;;
1755;CARRERA;;;
1756;CARRETERA;;;
1757;CARRETILLA;;;
1758;CARRETILLERO;;;
1759;CARROCERIA;;;
1760;CARRON;;;
1761;CARTA;;;
1762;CARTEL;;;
1763;CARTELERA;;;
1765;CARTELERIA;;;
1767;CARTERA;;;
1768;CARTOGRAFIA;;;
1769;CARTOGRAFICAS;;;
1771;CASA;;;
1773;CASCO;;;
1775;CASEROS;;;
1780;CASINO;;;
1783;CASO;;;
1787;CASTELLANO;;;
1790;CASTILLO;;;
1791;CATA;;;
1793;CATALAN;;;
1794;CATALIZA;;;
1795;CATALIZADOR;;;
1797;CATALIZADOS;;;
1799;CATALOGACION;;;
1800;CATALOGAR;;;
1802;CATALOGO;;;
1804;CATALOGRAFICAS;;;
1807;CATASTRAL;;;
1808;CATASTRO;;;
1809;CATASTROFES;;;
1810;CATEDRA;;;
1811;CATEGORIA;;;
1812;CATEGORIZACION;;;
1814;CATERING;;;
1819;CATODICA;;;
1821;CAUCHO;;;
1822;CAUDALES;;;
1824;CAUSAL;;;
1825;CAUSANTES;;;
1826;CAUSAS;;;
1827;CAUTIVO;;;
1851;CEDULAS;;;
1856;CELEBRACION;;;
1861;CELULAR;;;
1862;CELULAS;;;
1863;CENA;;;
1866;CENIZA;;;
1867;CENSALES;;;
1868;CENSO;;;
1873;CENTRAL;;;
1875;CENTRALITA;;;
1876;CENTRALIZACION;;;
1877;CENTRALIZADA;;;
1880;CENTRICAS;;;
1881;CENTRO;;;
1886;CEPA;;;
1889;CERAMICA;;;
1891;CERCANO;;;
1893;CEREALES;;;
1894;CEREBRAL;;;
1895;CEREMONIAL;;;
1898;CERRADO;;;
1900;CERRADURAS;;;
1901;CERRAR;;;
1903;CERTACLES;;;
1904;CERTEZA;;;
1906;CERTIFIADO;;;
1908;CERTIFICA;;;
1910;CERTIFICACION;;;
1914;CERTIFICADO;;;
1916;CERTIFICAR;;;
1921;CERTIPORT;;;
1924;CERVECERA;;;
1926;CERVEZAS;;;
1929;CESIONES;;;
1930;CESPED;;;
1932;CESTISTA;;;
1933;CETA;;;
1934;CETACEOS;;;
1951;CHAPA;;;
1953;CHAPISTA;;;
1954;CHARCUTERIA;;;
1955;CHARLA;;;
1956;CHAT;;;
1968;CHEQUE;;;
1969;CHEQUEAR;;;
1970;CHEQUEO;;;
1972;CHICA;;;
1973;CHICOS;;;
1976;CHIMP;;;
1986;CHOFER;;;
1988;CHOQUE;;;
1989;CHORRO;;;
1991;CIALP;;;
1992;CIAS;;;
2000;CICLISMO;;;
2001;CICLO;;;
2003;CIEGA;;;
2004;CIENCIA;;;
2005;CIENTE;;;
2008;CIENTIFICO;;;
2009;CIERRE;;;
2012;CIFRAS;;;
2013;CIGARROS;;;
2015;CIMBRAS;;;
2016;CIMENTACION;;;
2018;CINE;;;
2020;CINEMATICO;;;
2022;CINEMATOGRAFICO;;;
2027;CIRCO;;;
2033;CIRCUITO;;;
2035;CIRCULARIZACION;;;
2037;CIRCULO;;;
2040;CIRUGIA;;;
2042;CITA;;;
2043;CITACION;;;
2048;CIUDAD;;;
2050;CIUDADANIA;;;
2051;CIUDADANO;;;
2053;CIVICOS;;;
2054;CIVIL;;;
2062;CLASE;;;
2064;CLASICO;;;
2066;CLASIFICACION;;;
2067;CLASIFICADAS;;;
2068;CLASIFICADOR;;;
2071;CLASIFICAR;;;
2077;CLAUSTRO;;;
2080;CLAUSULADOS;;;
2081;CLAUSULAS;;;
2082;CLAVE;;;
2084;CLAVIJAS;;;
2085;CLAVIJO;;;
2089;CLERICAL;;;
2094;CLIENTE;;;
2095;CLIENTELA;;;
2102;CLIMA;;;
2103;CLIMATICO;;;
2105;CLIMATIZACION;;;
2106;CLIMATOLOGIA;;;
2107;CLINICA;;;
2109;CLINICO;;;
2112;CLONACION;;;
2113;CLORO;;;
2116;CLUB;;;
2126;COACHING;;;
2127;COBERTURA;;;
2130;COBRANZAS;;;
2131;COBRAR;;;
2133;COBRE;;;
2135;COBRO;;;
2136;COCA;;;
2138;COCCION;;;
2139;COCHE;;;
2140;COCHINO;;;
2141;COCINA;;;
2142;COCINADOS;;;
2144;COCINAR;;;
2145;COCINERO;;;
2146;COCO;;;
2147;COCTELES;;;
2150;CODIFICACION;;;
2151;CODIGO;;;
2152;COEDUCACION;;;
2156;COGER;;;
2157;COGNITIVA;;;
2158;COGNITIVOCONDUCTUAL;;;
2159;COHEDUCATIVAS;;;
2160;COHERENCIA;;;
2161;COHESION;;;
2167;COKTELERO;;;
2168;COLA;;;
2170;COLABORA;;;
2172;COLABORACION;;;
2173;COLABORADO;;;
2174;COLABORADOR;;;
2177;COLABORAR;;;
2179;COLABORATIVO;;;
2181;COLECCION;;;
2183;COLECTIVIDADES;;;
2185;COLECTIVO;;;
2186;COLECTORES;;;
2187;COLEGIACIONES;;;
2189;COLEGIADO;;;
2190;COLEGIAL;;;
2191;COLEGIO;;;
2194;COLMENAS;;;
2195;COLOCACION;;;
2198;COLOCAR;;;
2200;COLONIA;;;
2203;COLOQUIO;;;
2204;COLOR;;;
2205;COLUMNISTA;;;
2207;COMANDA;;;
2209;COMANDOS;;;
2210;COMARCAS;;;
2212;COMBATIR;;;
2213;COMBOS;;;
2214;COMBUSTIBLE;;;
2215;COMBUSTION;;;
2216;COMEDOR;;;
2219;COMENSALES;;;
2220;COMENTABAMOS;;;
2221;COMENTADAS;;;
2222;COMENTARIOS;;;
2224;COMENZAR;;;
2225;COMER;;;
2226;COMERCIAL;;;
2227;COMERCIALIZACION;;;
2228;COMERCIALIZADORA;;;
2230;COMERCIALIZAR;;;
2232;COMERCIO;;;
2235;COMERSALES;;;
2238;COMETIDO;;;
2239;COMICOS;;;
2241;COMICS;;;
2242;COMIDA;;;
2247;COMISION;;;
2252;COMPACTACION;;;
2254;COMPACTOS;;;
2256;COMPARACION;;;
2257;COMPARADA;;;
2262;COMPARATIVO;;;
2263;COMPARECENCIAS;;;
2264;COMPARTIDA;;;
2266;COMPARTO;;;
2267;COMPAÑERA;;;
2270;COMPAÑIA;;;
2271;COMPENSACION;;;
2272;COMPETENCIA;;;
2274;COMPETENCIAL;;;
2276;COMPETENTES;;;
2277;COMPETICION;;;
2278;COMPETIDORAS;;;
2280;COMPETITIVA;;;
2282;COMPETITIVIDAD;;;
2283;COMPETITIVOS;;;
2286;COMPLEJO;;;
2287;COMPLEMENTADAS;;;
2289;COMPLEMENTAR;;;
2290;COMPLEMENTARIA;;;
2291;COMPLEMENTARIOS;;;
2292;COMPLEMENTO;;;
2295;COMPLETADO;;;
2298;COMPLETAR;;;
2300;COMPLETO;;;
2305;COMPONENTES;;;
2307;COMPORTAMIENTO;;;
2308;COMPOSER;;;
2309;COMPOSICION;;;
2310;COMPRA;;;
2312;COMPRAR;;;
2314;COMPRAVENTA;;;
2316;COMPRENDEN;;;
2318;COMPRENDIDO;;;
2320;COMPRENSION;;;
2321;COMPRENSIVA;;;
2323;COMPRESION;;;
2324;COMPRESOR;;;
2325;COMPROBACION;;;
2327;COMPROBAR;;;
2329;COMPROMISO;;;
2330;COMPUESTOS;;;
2331;COMPULSADA;;;
2332;COMPUTABLES;;;
2333;COMPUTACION;;;
2334;COMPUTADOR;;;
2336;COMPUTO;;;
2340;COMUN;;;
2343;COMUNICACION;;;
2344;COMUNICADOS;;;
2348;COMUNICAR;;;
2354;COMUNICATIVA;;;
2356;COMUNIDAD;;;
2358;COMUNIONES;;;
2360;COMUNITARIO;;;
2364;CONCEDIDA;;;
2366;CONCEPCION;;;
2367;CONCEPTO;;;
2368;CONCEPTUAL;;;
2370;CONCERTACION;;;
2373;CONCERTADOS;;;
2374;CONCERTAR;;;
2375;CONCESION;;;
2376;CONCESIONARIO;;;
2377;CONCIENCIA;;;
2378;CONCIENCIACION;;;
2379;CONCIERTO;;;
2380;CONCILIACION;;;
2382;CONCILIAR;;;
2383;CONCILIATORIAS;;;
2385;CONCLUSIONES;;;
2388;CONCRETO;;;
2390;CONCURSAL;;;
2391;CONCURSO;;;
2393;CONDENSADORES;;;
2395;CONDICION;;;
2398;CONDUCCION;;;
2399;CONDUCIR;;;
2400;CONDUCTA;;;
2401;CONDUCTIMETRO;;;
2402;CONDUCTOR;;;
2403;CONDUCTOS;;;
2407;CONECTAR;;;
2408;CONECTIVIDAD;;;
2409;CONEXION;;;
2411;CONEXIONADO;;;
2414;CONFECCION;;;
2415;CONFECCIONAR;;;
2417;CONFEDERACION;;;
2420;CONFERENCIA;;;
2422;CONFESION;;;
2424;CONFIDENCIAL;;;
2426;CONFIDENCIALIDAD;;;
2428;CONFIGURACION;;;
2429;CONFIGURAR;;;
2432;CONFINADOS;;;
2435;CONFIRMACION;;;
2436;CONFIRMAR;;;
2438;CONFLICTIVAS;;;
2439;CONFLICTIVIDAD;;;
2440;CONFLICTO;;;
2442;CONFORMADO;;;
2443;CONFORME;;;
2444;CONFORMIDADES;;;
2445;CONFORT;;;
2447;CONGELADO;;;
2450;CONGRESO;;;
2452;CONJUNTO;;;
2454;CONMUTADA;;;
2458;CONOCER;;;
2460;CONOCIDO;;;
2462;CONOCIMIENTO;;;
2464;CONSECION;;;
2465;CONSECUCION;;;
2467;CONSECUENCIA;;;
2469;CONSECUTIVOS;;;
2470;CONSEGUIDA;;;
2471;CONSEGUIR;;;
2473;CONSEJO;;;
2474;CONSENTIMIENTO;;;
2476;CONSERVACION;;;
2479;CONSIGNACION;;;
2481;CONSIGNATARIA;;;
2487;CONSISTENTE;;;
2494;CONSOLA;;;
2495;CONSOLIDACION;;;
2496;CONSONANCIA;;;
2497;CONSORCIO;;;
2499;CONSTA;;;
2501;CONSTANCIA;;;
2503;CONSTANTE;;;
2505;CONSTITUCION;;;
2506;CONSTITUCIONAL;;;
2507;CONSTITUIR;;;
2508;CONSTITUTIONAL;;;
2509;CONSTRUCCION;;;
2511;CONSTRUCTIVAS;;;
2512;CONSTRUCTIVISTA;;;
2513;CONSTRUCTIVOS;;;
2515;CONSTRUCTORA;;;
2518;CONSULAR;;;
2519;CONSULTA;;;
2521;CONSULTERIAS;;;
2522;CONSULTOR;;;
2524;CONSULTORIA;;;
2526;CONSUMER;;;
2528;CONSUMIDOR;;;
2529;CONSUMIDOS;;;
2530;CONSUMIR;;;
2532;CONSUMO;;;
2538;CONTABIL;;;
2540;CONTABILICE;;;
2543;CONTABILIDAD;;;
2545;CONTABILIZACION;;;
2548;CONTABILIZAR;;;
2549;CONTABLE;;;
2552;CONTACTAR;;;
2553;CONTACTO;;;
2554;CONTADO;;;
2555;CONTADOR;;;
2558;CONTAMINACION;;;
2559;CONTAMINADAS;;;
2561;CONTAMINANTE;;;
2564;CONTAR;;;
2568;CONTEMPORANEA;;;
2569;CONTENCION;;;
2570;CONTENCIOSO;;;
2571;CONTENEDORES;;;
2572;CONTENIDO;;;
2573;CONTENOSA;;;
2576;CONTEO;;;
2577;CONTESTACION;;;
2580;CONTEXTO;;;
2584;CONTINGENCIA;;;
2586;CONTINUACION;;;
2588;CONTINUADA;;;
2589;CONTINUIDAD;;;
2590;CONTINUO;;;
2591;CONTRACTUALES;;;
2592;CONTRADICTORIOS;;;
2593;CONTRAINCENDIO;;;
2594;CONTRAMEDIDAS;;;
2596;CONTRAPESADO;;;
2597;CONTRAPULSACION;;;
2598;CONTRASEÑA;;;
2601;CONTRASTE;;;
2606;CONTRATACION;;;
2607;CONTRATADO;;;
2610;CONTRATAS;;;
2611;CONTRATISTA;;;
2612;CONTRATO;;;
2616;CONTRIBUIR;;;
2619;CONTRIBUYENTE;;;
2624;CONTROL;;;
2626;CONTROLADORES;;;
2628;CONTROLAR;;;
2634;CONTROVERSIAS;;;
2637;CONVENCER;;;
2638;CONVENCION;;;
2640;CONVENCIONAL;;;
2641;CONVENIO;;;
2642;CONVERSACION;;;
2643;CONVERSACIONAL;;;
2644;CONVERSION;;;
2645;CONVERTIDORES;;;
2647;CONVIVENCIA;;;
2649;CONVIVIR;;;
2651;CONVOCATORIA;;;
2659;COOPERACION;;;
2662;COOPERATIVISMO;;;
2663;COOPERATIVO;;;
2666;COORDINACION;;;
2668;COORDINADA;;;
2669;COORDINADOR;;;
2673;COORDINAR;;;
2676;COPA;;;
2677;COPIA;;;
2679;COPROCULTIVOS;;;
2680;COPYWRITING;;;
2681;CORAL;;;
2682;CORAZON;;;
2683;CORDELERIA;;;
2684;CORDIAL;;;
2685;CORE;;;
2689;COREL;;;
2692;CORONA;;;
2694;CORPORACION;;;
2695;CORPORALES;;;
2697;CORPORATIVO;;;
2700;CORRDINACION;;;
2701;CORRECCION;;;
2705;CORRECTA;;;
2710;CORRECTIVO;;;
2711;CORRECTO;;;
2712;CORRECTOR;;;
2714;CORREDORES;;;
2715;CORREGIR;;;
2716;CORREO;;;
2720;CORRESPONDENCIA;;;
2723;CORRESPONSABILIDAD;;;
2725;CORRIENTES;;;
2727;CORROBORACION;;;
2728;CORROSION;;;
2730;CORRUPCION;;;
2731;CORTACESPED;;;
2732;CORTADOS;;;
2733;CORTAFUEGOS;;;
2735;CORTAMETRAJE;;;
2737;CORTE;;;
2739;CORTESIA;;;
2740;CORTOMETRAJE;;;
2742;CORTOS;;;
2744;COSAS;;;
2746;COSIGNATARIA;;;
2747;COSMETICA;;;
2748;COSMETICOS;;;
2752;COSTA;;;
2753;COSTE;;;
2755;COSTERO;;;
2756;COSTUMBRES;;;
2757;COTACION;;;
2758;COTEJAR;;;
2760;COTEJO;;;
2761;COTIDIANA;;;
2762;COTIZACION;;;
2763;COTUR;;;
2774;CRACION;;;
2775;CRANEAL;;;
2782;CREA;;;
2783;CREACION;;;
2784;CREADA;;;
2785;CREADOR;;;
2789;CREAR;;;
2791;CREATIVA;;;
2793;CREATIVIDAD;;;
2794;CREATIVO;;;
2796;CRECER;;;
2797;CRECIMIENTO;;;
2799;CREDENCIALES;;;
2800;CREDITO;;;
2801;CREO;;;
2802;CRETA;;;
2803;CRIA;;;
2804;CRIBA;;;
2805;CRIBAR;;;
2806;CRIMEN;;;
2807;CRIMIGEN;;;
2808;CRIMINAL;;;
2810;CRIMINALISTICO;;;
2811;CRIMINOLOGIA;;;
2813;CRIMINOLOGICO;;;
2815;CRIOPRESERVACION;;;
2816;CRISIS;;;
2822;CRITERIO;;;
2823;CRITICA;;;
2824;CRITICO;;;
2827;CROASANES;;;
2828;CROMATOGRAFIA;;;
2829;CROMATOGRAFICOS;;;
2831;CROMATOGRAFO;;;
2834;CRONICA;;;
2835;CRONICO;;;
2836;CRONOGRAMAS;;;
2837;CRONOMETRADOR;;;
2839;CROUPIER;;;
2842;CRUCE;;;
2843;CRUCERO;;;
2844;CRUE;;;
2845;CRUZ;;;
2846;CRUZADA;;;
2854;CSPTACION;;;
2858;CTE;;;
2860;CUADERNOS;;;
2861;CUADRANTE;;;
2862;CUADRE;;;
2863;CUADRILLA;;;
2864;CUADRO;;;
2865;CUALES;;;
2866;CUALIDADES;;;
2867;CUALIFICACION;;;
2868;CUALIFICADO;;;
2870;CUALITATIVO;;;
2874;CUANTIA;;;
2875;CUANTIFICACION;;;
2877;CUANTITATIVO;;;
2880;CUARENTENA;;;
2887;CUBERTERIA;;;
2890;CUBIERTOS;;;
2893;CUBRIR;;;
2894;CUCULCAN;;;
2895;CUDA;;;
2896;CUENTA;;;
2897;CUENTACUENTOS;;;
2898;CUENTOS;;;
2899;CUERDA;;;
2900;CUERPO;;;
2901;CUESTION;;;
2902;CUESTIONARIOS;;;
2903;CUEVA;;;
2906;CUIDADO;;;
2907;CUIDADOR;;;
2909;CUIDAR;;;
2910;CULATAS;;;
2911;CULEBRA;;;
2912;CULTIVO;;;
2913;CULTO;;;
2914;CULTURA;;;
2915;CULTURAL;;;
2916;CUMPLEAÑOS;;;
2917;CUMPLIA;;;
2918;CUMPLIDOS;;;
2920;CUMPLIMENTACION;;;
2922;CUMPLIMENTAR;;;
2923;CUMPLIMENTO;;;
2924;CUMPLIMIENTO;;;
2925;CUMPLIR;;;
2926;CUNETAS;;;
2928;CUNICOLA;;;
2929;CUOTA;;;
2931;CUPO;;;
2932;CURA;;;
2935;CURCAS;;;
2936;CUROS;;;
2937;CURRICULAR;;;
2938;CURRICULO;;;
2940;CURRICULUM;;;
2941;CURSADO;;;
2945;CURSAR;;;
2947;CURSILLO;;;
2949;CURSO;;;
2951;CUSTODIA;;;
2952;CUSTODIAR;;;
2959;CUÑAS;;;
2962;CV;;;
2964;CVEDA;;;
2965;CX;;;
2966;CXONE;;;
2985;DACIONES;;;
2986;DACTILOSCOPIA;;;
2998;DANZA;;;
2999;DAO;;;
3000;DAR;;;
3003;DASSAULT;;;
3006;DATACION;;;
3007;DATAFONO;;;
3011;DATOS;;;
3016;DAÑO;;;
3024;DEA;;;
3028;DEALZ;;;
3032;DEBATE;;;
3033;DEBE;;;
3034;DEBERES;;;
3038;DEBUTADOS;;;
3039;DECA;;;
3042;DECANATO;;;
3044;DECESO;;;
3047;DECIR;;;
3048;DECISION;;;
3049;DECISONES;;;
3050;DECLARACION;;;
3053;DECORACION;;;
3054;DECORATIVO;;;
3055;DECRETOS;;;
3057;DEDICA;;;
3060;DEDICACION;;;
3062;DEDICADO;;;
3066;DEDUCCIONES;;;
3067;DEDUCIBLES;;;
3071;DEEP;;;
3073;DEFECTOS;;;
3074;DEFENSA;;;
3076;DEFICIENCIA;;;
3077;DEFICIT;;;
3080;DEFINICION;;;
3081;DEFINIDOS;;;
3082;DEFINIR;;;
3083;DEFINITIVA;;;
3084;DEGRADACION;;;
3085;DEGRADADAS;;;
3086;DEGRADADOS;;;
3087;DEGUSTACION;;;
3088;DEGUSTAR;;;
3095;DELANTAL;;;
3098;DELEGACION;;;
3099;DELEGADO;;;
3100;DELFOS;;;
3103;DELINCUENCIA;;;
3104;DELINEACION;;;
3105;DELINEADO;;;
3106;DELINEANTE;;;
3107;DELITO;;;
3119;DEMANDA;;;
3120;DEMANDANTE;;;
3121;DEMANDARA;;;
3122;DEMARCACION;;;
3126;DEMENCIA;;;
3127;DEMOCRACIA;;;
3128;DEMOLA;;;
3129;DEMOLICION;;;
3130;DEMONTAJE;;;
3131;DEMORA;;;
3133;DEMOSTRACION;;;
3136;DENUNCIAS;;;
3138;DEPA;;;
3139;DEPARTAMENTALES;;;
3140;DEPARTAMENTO;;;
3142;DEPATAMENTO;;;
3144;DEPENDENCIA;;;
3149;DEPENDIENTE;;;
3150;DEPORTE;;;
3153;DEPORTIVO;;;
3154;DEPOSITADA;;;
3155;DEPOSITOS;;;
3156;DEPRESION;;;
3158;DEPTO;;;
3160;DEPURACION;;;
3161;DEPURADORA;;;
3163;DERECHO;;;
3165;DERIVACION;;;
3166;DERIVADAS;;;
3169;DERIVADOS;;;
3170;DERIVAN;;;
3171;DERIVE;;;
3173;DESAFIO;;;
3174;DESALACION;;;
3176;DESALADORA;;;
3178;DESALINIZADORA;;;
3180;DESAMPARO;;;
3182;DESAPARECIDAS;;;
3184;DESAROLLOS;;;
3187;DESARROLLADO;;;
3188;DESARROLLADOR;;;
3193;DESARROLLAR;;;
3197;DESARROLLO;;;
3198;DESAYUNO;;;
3199;DESBROCE;;;
3201;DESBROZADORA;;;
3202;DESBROZAR;;;
3204;DESCANSO;;;
3205;DESCARGA;;;
3207;DESCARGAR;;;
3210;DESCONEXION;;;
3211;DESCORNE;;;
3212;DESCRIPCION;;;
3214;DESCRIPTIVO;;;
3216;DESCUENTO;;;
3217;DESECHADOS;;;
3219;DESEMPAÑANDO;;;
3223;DESEMPEÑADO;;;
3227;DESEMPEÑAR;;;
3232;DESEMPLEADAS;;;
3233;DESEMPLEADOS;;;
3234;DESEMPLEO;;;
3237;DESENVUELVE;;;
3238;DESEOS;;;
3239;DESFAVORECIDA;;;
3240;DESFIBRILACION;;;
3242;DESFIBRILADOR;;;
3244;DESGINER;;;
3246;DESGLOSE;;;
3247;DESHABITUACION;;;
3248;DESHIDRATACION;;;
3249;DESICIONES;;;
3253;DESINFECCION;;;
3254;DESINFORMACION;;;
3257;DESLINDES;;;
3258;DESMONTAJE;;;
3259;DESMONTAR;;;
3260;DESMPEÑADAS;;;
3261;DESOLADORAS;;;
3262;DESOVA;;;
3263;DESPACHAR;;;
3264;DESPACHO;;;
3265;DESPARASITACION;;;
3267;DESPEDIDA;;;
3268;DESPERDICIO;;;
3269;DESPERFECTOS;;;
3270;DESPIDO;;;
3271;DESPLAZAMIENTO;;;
3272;DESPLAZARME;;;
3273;DESPLEGAR;;;
3274;DESPLIEGUE;;;
3276;DESTACADA;;;
3278;DESTACAN;;;
3279;DESTACARIA;;;
3281;DESTETE;;;
3282;DESTINADA;;;
3284;DESTINATARIOS;;;
3286;DESTINO;;;
3288;DESTREZAS;;;
3290;DESTRUCCION;;;
3291;DESTRUCTIVOS;;;
3292;DESVIACIONES;;;
3294;DESVIO;;;
3295;DETALLADA;;;
3297;DETALLADO;;;
3299;DETALLE;;;
3300;DETALLISTA;;;
3301;DETECCION;;;
3302;DETECTADAS;;;
3303;DETECTAR;;;
3304;DETECTIVE;;;
3306;DETERMINACION;;;
3307;DETERMINADOS;;;
3308;DEUDA;;;
3309;DEUDORES;;;
3313;DEVC++;;;
3318;DEVOLUCION;;;
3320;DEVUELTA;;;
3326;DIABETES;;;
3327;DIABETICO;;;
3328;DIABETOLOGICA;;;
3329;DIAGNOSIS;;;
3330;DIAGNOSTICADOS;;;
3331;DIAGNOSTICAR;;;
3332;DIAGNOSTICO;;;
3335;DIAGRAMA;;;
3336;DIAL;;;
3337;DIALNET;;;
3338;DIALOGO;;;
3339;DIALOGUE;;;
3340;DIALUX;;;
3341;DIALUZ;;;
3342;DIAMANTE;;;
3346;DIAPOSITIVAS;;;
3350;DIARIO;;;
3351;DIBUJANTE;;;
3353;DIBUJO;;;
3355;DICCIONARIO;;;
3356;DICE;;;
3357;DICENTES;;;
3363;DICTAMENES;;;
3365;DIDACTICA;;;
3366;DIDACTICO;;;
3368;DIDACTO;;;
3370;DIESEL;;;
3371;DIETAS;;;
3373;DIETETICA;;;
3374;DIETETICO;;;
3376;DIFERENCIACION;;;
3378;DIFERENCIADORES;;;
3381;DIFERENTE;;;
3382;DIFFICULTAD;;;
3385;DIFUSION;;;
3386;DIGESTIBILIDAD;;;
3388;DIGESTIVO;;;
3392;DIGITAL;;;
3393;DIGITALIZACION;;;
3394;DIGITALIZAR;;;
3397;DILIGENCIAR;;;
3399;DILIGENCIAS;;;
3400;DIMENSIONALES;;;
3401;DIMENSIONAMIENTO;;;
3402;DIMENSIONES;;;
3404;DINAMICA;;;
3406;DINAMISMO;;;
3407;DINAMIZACION;;;
3408;DINAMIZADOR;;;
3411;DINAMIZAR;;;
3413;DINERO;;;
3415;DINGUS;;;
3421;DIPLOMA;;;
3422;DIPLOMACIA;;;
3423;DIPLOMADO;;;
3424;DIPLOMATIA;;;
3425;DIPLOMATURA;;;
3426;DIPOMADO;;;
3427;DIPUTACION;;;
3433;DIRECTIVA;;;
3434;DIRECTIVOS;;;
3437;DIRECTO;;;
3438;DIRECTOR;;;
3443;DIRECTRICES;;;
3445;DIRIGIDA;;;
3448;DIRIGIR;;;
3450;DIRIJIR;;;
3452;DIROFILARIAS;;;
3456;DISCAPACIDAD;;;
3457;DISCAPACITADO;;;
3459;DISCIPLINA;;;
3461;DISCIPLINARIO;;;
3463;DISCOGRAFICA;;;
3464;DISCONTINUO;;;
3465;DISCOTECA;;;
3468;DISCRECIONALES;;;
3470;DISCREPANCIES;;;
3471;DISCRIMINACION;;;
3472;DISCURSO;;;
3475;DISCUSION;;;
3480;DISEÑADO;;;
3481;DISEÑADOR;;;
3486;DISEÑAR;;;
3490;DISEÑO;;;
3491;DISFRACES;;;
3492;DISFRUTAR;;;
3495;DISGRAFIA;;;
3496;DISLEXIA;;;
3497;DISOLUCIONES;;;
3498;DISPENSACION;;;
3499;DISPENSAR;;;
3501;DISPERSOS;;;
3502;DISPLAY;;;
3506;DISPONIBILIDAD;;;
3507;DISPONIBLE;;;
3509;DISPOSICION;;;
3510;DISPOSITIVO;;;
3511;DISPUTAS;;;
3513;DISTINCION;;;
3519;DISTRIBUCION;;;
3521;DISTRIBUIDOR;;;
3523;DISTRIBUIDOS;;;
3524;DISTRIBUIR;;;
3528;DISTRITO;;;
3534;DIVERSIDAD;;;
3535;DIVERSION;;;
3538;DIVERSO;;;
3539;DIVERTIDA;;;
3540;DIVISA;;;
3542;DIVISION;;;
3543;DIVULGACION;;;
3544;DIVULGATIVO;;;
3551;DOBLADO;;;
3552;DOBLAJE;;;
3554;DOBLAR;;;
3558;DOCENCIA;;;
3561;DOCENTE;;;
3564;DOCTOR;;;
3567;DOCTORADO;;;
3570;DOCUMENTACION;;;
3572;DOCUMENTAL;;;
3573;DOCUMENTALISTA;;;
3574;DOCUMENTAR;;;
3576;DOCUMENTARIA;;;
3577;DOCUMENTO;;;
3578;DOCUMENTOSCOPIA;;;
3582;DOLOR;;;
3583;DOLOROSO;;;
3584;DOMESTICA;;;
3585;DOMICILIACIONES;;;
3586;DOMICILIARIA;;;
3588;DOMICILIO;;;
3590;DOMINAR;;;
3592;DOMINIO;;;
3593;DOMOTICA;;;
3598;DONADOS;;;
3599;DONCENCIA;;;
3603;DORMIR;;;
3604;DOSSIER;;;
3606;DOTACION;;;
3625;DRAMATICO;;;
3630;DRENAJE;;;
3638;DROGAS;;;
3639;DROGODEPENDENCIA;;;
3640;DROGODEPENDIENTES;;;
3651;DUAL;;;
3653;DUBITADOS;;;
3655;DUDA;;;
3656;DUDOSO;;;
3659;DUELO;;;
3660;DUEÑA;;;
3662;DULCERIA;;;
3664;DULCES;;;
3665;DUNAR;;;
3667;DUPLICADOS;;;
3668;DURABILIDAD;;;
3669;DURACION;;;
3670;DURANTES;;;
3671;DVD;;;
3686;ECLESIASTICA;;;
3688;ECO;;;
3689;ECOAQUA;;;
3690;ECOCARDIOGRAFIA;;;
3691;ECOGRAFIA;;;
3692;ECOGUIADA;;;
3693;ECOLOGIA;;;
3695;ECOLOGICO;;;
3697;ECONOMATO;;;
3698;ECONOMETRIA;;;
3700;ECONOMETRICO;;;
3701;ECONOMIA;;;
3704;ECONOMICO;;;
3706;ECONOMISTA;;;
3707;ECOSISTEMA;;;
3708;ECOVIDRIO;;;
3710;ECUATORIAL;;;
3714;EDAFOLOGIA;;;
3715;EDAMUS;;;
3720;EDICION;;;
3723;EDIFICACION;;;
3724;EDIFICIO;;;
3727;EDITADO;;;
3728;EDITAR;;;
3730;EDITOR;;;
3733;EDITORIAL;;;
3742;EDUCA;;;
3745;EDUCACION;;;
3746;EDUCADO;;;
3747;EDUCADOR;;;
3751;EDUCAR;;;
3756;EDUCATIVO;;;
3762;EFECTIVO;;;
3764;EFECTO;;;
3769;EFECTUAR;;;
3771;EFICACES;;;
3772;EFICACIA;;;
3773;EFICAZ;;;
3775;EFICIENCIA;;;
3776;EFICIENTE;;;
3780;EFIMEROS;;;
3783;EGB;;;
3788;EGIPTOMANIA;;;
3789;EGOISTA;;;
3790;EGRESADOS;;;
3801;EJE;;;
3802;EJECUCION;;;
3808;EJECUTAR;;;
3810;EJECUTIVA;;;
3812;EJEMPLARES;;;
3813;EJEMPLO;;;
3814;EJERCE;;;
3815;EJERCER;;;
3819;EJERCICIO;;;
3821;EJERCIENTE;;;
3822;EJERCITO;;;
3830;ELABORACION;;;
3831;ELABORADOS;;;
3834;ELABORAR;;;
3836;ELASMOBRANQUIOS;;;
3840;ELECCION;;;
3841;ELECTORAL;;;
3846;ELECTRICIDAD;;;
3847;ELECTRICISTA;;;
3849;ELECTRICO;;;
3850;ELECTRIFICACION;;;
3852;ELECTROCARDIOGRAFIA;;;
3853;ELECTROCARDIOGRAMA;;;
3854;ELECTROCONFORMADO;;;
3855;ELECTRODO;;;
3856;ELECTRODOMESTICOS;;;
3857;ELECTROESTIMULACION;;;
3858;ELECTROFORESIS;;;
3860;ELECTROMECANICO;;;
3862;ELECTRONICO;;;
3864;ELECTROTECNICAS;;;
3866;ELECTROTECNICO;;;
3869;ELEGIBILIDAD;;;
3876;ELEVACION;;;
3879;ELEVADORES;;;
3880;ELIMINACION;;;
3886;EMAIL;;;
3889;EMANCIPACION;;;
3894;EMBARAZOS;;;
3895;EMBARCACION;;;
3896;EMBARCADERO;;;
3898;EMBARCAR;;;
3899;EMBARGO;;;
3902;EMBARQUE;;;
3903;EMBELLECIMIENTO;;;
3904;EMBOLSAR;;;
3905;EMBRAGUE;;;
3907;EMERGENCIA;;;
3909;EMERGENTE;;;
3911;EMIGRANTES;;;
3913;EMISION;;;
3914;EMITIDAS;;;
3916;EMITIR;;;
3917;EMOCION;;;
3918;EMOCIONAL;;;
3919;EMPAQUETADO;;;
3920;EMPAQUETADORA;;;
3921;EMPAQUETAR;;;
3922;EMPATIA;;;
3924;EMPATICA;;;
3926;EMPIRICO;;;
3928;EMPLATAR;;;
3930;EMPLEA;;;
3931;EMPLEABILIDAD;;;
3933;EMPLEADO;;;
3936;EMPLEO;;;
3937;EMPODERAMIENTO;;;
3938;EMPODERANDO;;;
3942;EMPRENDE;;;
3943;EMPRENDEDOR;;;
3945;EMPRENDEDURIA;;;
3948;EMPRENDER;;;
3950;EMPRENDIMIENTO;;;
3951;EMPRESA;;;
3952;EMPRESARIA;;;
3953;EMPRESARIAL;;;
3955;EMPRESARIOS;;;
3957;EMULACION;;;
3958;EMYA;;;
3963;ENCAMINADOS;;;
3964;ENCANTO;;;
3965;ENCARGA;;;
3968;ENCARGADO;;;
3975;ENCARGO;;;
3976;ENCARGUE;;;
3977;ENCHUFES;;;
3978;ENCOFRADO;;;
3982;ENCONTRAR;;;
3984;ENCUADERNACION;;;
3989;ENCUESTA;;;
3990;ENCUESTADOR;;;
3998;ENDOCRINO;;;
3999;ENDOTERAPIA;;;
4003;ENERGETICO;;;
4005;ENERGIA;;;
4011;ENESEÑANZA;;;
